10112805	9144047290	s2gpzwn5qz7jhq5x
10160429	9147078081	z7mv3t6qwtl3lr95
7631147	9172707798	w5ks21tdtl7d8xzb
7769579	9188180964	9kz6gczh76s8j7xp
9162450	9780007141784	x6lt3xhzvv1134v2
11843199	9780141324906	kt7gpfx2hx49mz0p
11843200	9780141324913	7hw4d8695tb0pfjx
19458567	9780143111597	w5ks20ttt8f6123n
22689061	9780399246531	q0dmwpnnn10t0bpn
22418001	9780525644453	4ds181nj2242rtkc
14845177	9780810970687	8jx5f6rl6mz1w51m
17955161	9780810993136	5ft2b31836t8pgl3
16360487	9780810994737	v4jr1xk2sfznc4r7
5fqq237m36f42276	9780857302458	kt7gqhqghlr40858
16596493	9781408855690	19px6zmbzftvxnhh
w55btz1xtd46sxr7	9781471166228	kt7gqln3hwm8dqg7
18355818	9781616893255	bl07hbc9821gt954
0844l1chxr1xf3pz	9781781258972	lv8hrm4xjxpj2dsg
ktz5sjxjhnvq9d0c	9781935954309	dn29kbq6bb6bsp0g
19289264	9786007058329	r1fnwm0rpjwdl04t
s267kf7wqpw3bwsm	9788853620101	6gv3cbmc4r21trcf
22400286	9789100142698	q0dmwp6wn3fhnvgj
22400286	9789100142698	q0dmwp6wn3fhnvgj
21084862	9789100166618	08nw54ktx4zx2znl
20574893	9789100167271	hr5dnlb3f1cm7ch6
22571656	9789100170806	gq4cmhbbdcz93dts
19907436	9789100172848	4ds196zm2mp4ccr4
22597477	9789100175498	4ds1813k2rc0507r
22413727	9789100176006	lv8hrlmzjks04mtp
22571489	9789100177188	fp3blg1pcsw0vvh4
22528781	9789113070889	v4jr1xptsq4krwnd
20750551	9789113080567	bl07hfnj8bs8mn7x
21699813	9789113080994	pzclvmnvm85b4vkf
21697154	9789113081458	kt7gqhhvhtmnk0d2
22528764	9789113082745	bl07hbgf89vw0q84
22413570	9789113083155	5ft2b3ts3vzrskdk
22534954	9789113083797	nxbktnfxlt31vmmf
22534779	9789113084640	dn29kfskbxztp3ns
22528758	9789113087962	r1fnwmmlp4k80vvl
12594540	9789127132726	fp3bljc0cknqvvtf
16539858	9789127137967	3cr07zhj1934chzh
17535557	9789127141957	pzclvs7fmm20h3zm
17404048	9789127141988	z7mv4330wb607nr4
18546224	9789127146716	bl07h8s78rgbx17m
20023690	9789127149267	08nw4w1xxxj4t481
22547465	9789127154452	5ft2b6c334k1qbl3
22547614	9789127156432	2bqz71fq0444ckbt
22363840	9789127156791	js6fpj4ggblzv1c0
22330384	9789127157415	lv8hrnhpjxffx004
19889468	9789127818309	2bqz70bs08mzl9f1
22547520	9789127823389	js6fph0dgpk8mwtr
11286059	9789129669534	w5ks2vb2t9904b26
11445047	9789129672329	z7mv43w0w6p5llhs
11713627	9789129675351	4ds194t42n1993ld
11773449	9789129675559	2bqz6zc100c53f7h
11773490	9789129675566	6gv3c72d4w1prznc
12281190	9789129676631	pzclvqmsmzs2zspz
12194423	9789129680126	3cr070n11k8qbzf5
13566985	9789129685770	r1fnxsr5pnxnf4xd
13546161	9789129687927	9kz6g8df7fpw66gz
17285494	9789129697506	mw9jsp62k95j5chq
17973589	9789129698442	8jx5d5s265gpznk3
20020367	9789129700824	js6fpkmxg0d40j2s
22528779	9789129701012	kt7gqpmlht92w49h
20020443	9789129701388	6gv3b3lm4r5vsx17
20719385	9789129701395	q0dmvl40nz2p55mm
22534919	9789129703498	js6fnfn0g5z1rqgw
21719990	9789129705041	mw9jsk8bkj5vjqz5
21718252	9789129705089	cm18jdl69xkhhld6
22534679	9789129706086	mw9jsnjbkt25jwqk
21720369	9789129706468	cm18jhjz93bhvjg3
22410054	9789129707014	cm18jb8z9dlg1x08
22534752	9789129710434	js6fpgr8g4dfhpz5
lv13fdb6jcb88tz7	9789132205293	w5ks2vtrtb1rclqm
22528744	9789132207853	9kz6g7js701jwncd
18542078	9789137145754	gq4clc92dg7m0htk
20008314	9789137147789	r1fnxvd2pbj710cn
22409810	9789137151137	kt7gqn1ch05730sr
22571640	9789137151595	hr5dmc3gf44120dt
22572909	9789137151977	q0dmvmnbnz2pkh33
z70xz6rmwj6sx85m	9789137152356	v4jr0q8xskkg3rrk
22597046	9789137152806	lv8hqgjqj965gg32
22697848	9789137153094	gq4cmlzzdpwggkkq
15760072	9789140678294	5ft2925j39m63961
15760037	9789140678324	cm18h8dg9t7v3h37
20798323	9789140695895	7hw4dbw45qpb562s
22687526	9789140697202	bl07hcrx8r6mm4fd
18850801	9789144093185	q0dmwt8pnq63tfd5
19952855	9789144115672	z7mv4269wng0sx4p
mws9f96hk171q885	9789144118666	q0dmvl3sntk8xpgq
fpl37125c1j8kl6f	9789144119823	2bqz6zs60frpc4tx
r0nhkhr8p3wbhv1h	9789144120898	mw9jskfckxpmjk2t
lvs39wqtj47p0826	9789144122342	mw9jsn9rk34jz2z7
z79mbt1jwqj6whtw	9789144123141	x6lt2sq4v1h9thvt
nxmj8ml7llt547zq	9789144125381	lv8hrk7mjs4xwn4v
18542039	9789146229506	bl07g615869bg4vj
22635204	9789146234999	gq4cmjrjdmdw6zmk
10372764	9789147086511	v4jr1wrbs63jpfgd
12746190	9789147100378	mw9jslzsk2l8m4lh
14613796	9789147105687	19px604bzcv60dqp
9883021	9789150105988	fp3blc3vcjvgfqsm
12756566	9789150114164	v4jr1zg5s7tx7tz5
20338892	9789150119688	r1fnxtlvpnx9qw82
21673383	9789150119824	lv8hrpwwjvx9jkd0
21691083	9789150930771	w5ks218lthh06mcb
22422796	9789150932508	8jx5d4xk6sqz7zpq
22571674	9789150939729	4ds193lm2lwpcxf6
22417980	9789152354988	3cr07z4012z66kw8
12033033	9789153434597	08nw51svxmfbbvgr
22409855	9789155264499	t3hq0wmgr6wvkrkf
11287250	9789163859380	v4jr1zhpsc28g1cn
11974361	9789163868344	r1fnwnl3pc6tvnr6
12751430	9789163872228	4ds1985s29r1x29l
14746421	9789163877612	9kz6g71s78d67pq0
22615514	9789163879821	z7mv40wvwpfz51q4
20574189	9789163879845	s2gpzqgwq7zpd66g
17049115	9789163882890	x6lt31j3vwvj5fpw
19434274	9789163890772	9kz6f6cj738w40sl
21774201	9789163895166	js6fphz3g9957jt2
21775616	9789163895180	nxbktrkll79vtqbw
20575040	9789163896330	cm18j9b29fccqq8r
21794564	9789163899225	9kz6f61x7z8cvz60
22409986	9789163899553	9kz6gbvn71vm3sq8
22409976	9789164205339	mw9jslwtk32v697w
22571471	9789164205858	t3hq0rddr7xd5kjb
22571688	9789164205865	lv8hrm6qj65zfpw5
22662194	9789170003479	v4jr1szps2x4m22n
22547584	9789170285172	8jx5f7l569ctll2f
19388798	9789170379192	5ft2b5bx3flvrzd2
18099767	9789170535239	08nw5zf1xznl186g
22573484	9789171264534	2bqz71zx070cwwnq
9885172	9789172991552	19px64q1z51w0wcp
17045241	9789172997189	w5ks2w92t74sgbcf
17868555	9789172997486	mw9jsqx6k7pmxf59
22330340	9789172999527	q0dmvmb6nvmczgkq
22551056	9789172999589	4ds193hl2z9zmcd9
20401905	9789173875394	4ds197gg273vzjlk
22547500	9789173896030	5ft2b8jx30r2ffk7
mwrh9083k6bntkgx	9789174245813	08nw511mx0d8xrgl
22573007	9789174248203	t3hqzp4trp10tkhx
20340452	9789174619096	kt7gqhpsh0hxm40q
19413800	9789175151892	lv8hrmpvjlcd9phj
5d2ks7n43c64bp3w	9789175437699	mw9jsrstkmnnpbld
22409922	9789175456331	x6lt2s5kvs8wb6r9
21750119	9789175456355	s2gpzqx9qbnhg34w
r13zmssjpwz1ztqd	9789175778877	mw9jslkvkszk4gcb
19367410	9789176211786	mw9jspx2kscljg2j
19151500	9789176292778	lv8hrm1tjj5kqs54
20535855	9789176295991	v4jr1w07stfbvsdx
20536347	9789176296042	6gv3c8mk4drn31v0
22363626	9789176296141	lv8hrnn2jgxk2c31
21674048	9789176298268	gq4cmdtmdpq78tj3
22547980	9789176298800	fp3blcsgcv4pslmg
22547667	9789176299067	dn29j92kb5p31pm5
22547473	9789176299692	q0dmvlm0nsxbqd6l
18571047	9789176458587	6gv3c7xn4vb77r2h
19757518	9789176791882	dn29kh5jb4kn3n85
19413482	9789177011088	dn29kgngblpk2cqm
19802865	9789177015970	2bqz72q30jqlh329
20750597	9789177016953	q0dmwnczn4d5q1vx
20750742	9789177017820	3cr085vz1cz1q5nl
20835093	9789177131601	z7mv4wvxw5n3l088
21895600	9789177131618	v4jr1tlwsfh3qpr6
22616688	9789177131625	z7mv40zhw2qhdtxr
22518316	9789177137061	nxbktp79l1lw97jk
dnk6w6vgbfnw6gr1	9789177137078	z7mv4zbdwkz95zzx
19948783	9789177231691	x6lt3wdzv97ntlf6
20857984	9789177232896	js6fnf89g58b627p
6g81x7m64ppz9tf6	9789177234388	nxbktmlrlb5j82m3
22105423	9789177234432	pzclvnp1mk5nw9gn
21987797	9789177234449	nxbkskmklkb315wp
22016953	9789177234463	hr5dnh24fxt5wc70
s1nl1lk3q9rgnr6p	9789177235507	7hw4c3h55t86x4mm
ltgdtfkmj2ckmsw5	9789177235668	q0dmwr5fnzpvfvcd
jrfx6knbgswnplz8	9789177235699	bl07hbt385rdnr21
22573014	9789177711179	s2gpxp7kqvmhzhtw
22330406	9789177750277	pzclvt4qmk7pg0jt
22551092	9789177750369	x6lt323vvrjmv2l3
22547477	9789177793755	q0dmwt15np596qrn
22666641	9789177796589	6gv3c4jn4l58sp2x
22682998	9789177797029	mw9jrjbwkw1s04pv
22410209	9789177813668	r1fnxtb2pgvx6z9w
22551059	9789177950981	4ds197622xs6vdbx
22573434	9789178031344	7hw4d7pt5792tnhh
z7m4tj8twz87gkvl	9789178130139	4ds198hk2k6z2w1s
22584313	9789178130238	8jx5f63q6kf3r4fr
22584316	9789178130245	nxbktrnslzjm25xj
22693332	9789185279586	x6lt31wgvl0210cw
12137272	9789186395018	mw9jsnk1k4b5vgh0
11681531	9789186447052	lv8hqhbtjff0190w
19373292	9789187033568	pzclvtdjmz0mlw1t
20820808	9789187309717	nxbktr9ll5w3t7vm
19829560	9789187465420	z7mv42mpw7kfqfqq
19423772	9789187465451	08nw53rwxd4rkrb7
22524866	9789187481833	w5ks1rh3tmf2bf93
19723925	9789187547591	gq4cmklndgqb7ch4
17802717	9789187707209	js6fpgt3g6khdsx7
19882750	9789187771255	lv8hqhskjgqc5wvq
16752796	9789187831119	w5ks1rrfts038cjr
22584345	9789187879449	08nw5z24xzqs5wx5
19515982	9789188073136	js6fpkw2glkn6jwc
s1p6fhxpqpc04wvl	9789188073235	hr5dnhs5f488tqnn
21386921	9789188073259	q0dmwnghn4tsw78w
22271424	9789188073426	t3hq0vsnrq63n7w3
mwp4zqn3kctvdprl	9789188073440	19px653lzngz12z4
22515041	9789188073525	nxbktrbtlbmgwpzq
22517799	9789188073624	gq4cmkjpdjm9m522
v4xc5tlnsqj2nwb0	9789188073655	6gv3cbm24qlg2nx0
22517797	9789188073662	mw9jsq82k0f6d1sr
jsl1tlnlg71rnwv6	9789188073716	lv8hqhkvj2mt368p
22515729	9789188073754	js6fphjbglqdn4bt
v46ttq3fskngsn8t	9789188073761	dn29kdzkbjv1r2fj
20004317	9789188099754	2bqz72rd0jh71f6k
20690274	9789188107244	19px5x00z4sp3zc5
18356562	9789188123077	cm18jght9bm8s452
20698092	9789188123954	9kz6f6tf71hnzb6f
20374863	9789188167118	6gv3c7794q5rn8lr
cmgkh09q99sblds7	9789188181817	fp3blfh6cg8kjjlx
18157281	9789188195098	js6fpjvcg3sqzlhg
19935656	9789188217028	bl07hgcv8v8pzn8g
19776495	9789188279347	cm18jdq19qqh96hk
22584296	9789188279552	kt7gqns5h0skbzxv
20035896	9789188279569	9kz6g8w6774pd94j
4d7sm0wp2kfvnltb	9789188377623	q0dmws64nwcll431
21974080	9789188441249	4ds194282959vtzm
19782634	9789188447210	pzcltk2hmrj5gpwg
s28x7ftqq0bgj6jp	9789188499103	z7mv43h6wmvcs418
20815779	9789188545251	bl07hc508jwl6gqb
22550996	9789188577177	3cr085221gmv09bm
20901747	9789188647528	fp3bk9hgclxjtprj
7h6h1vvj5czvdskf	9789188661630	t3hqzqp2rnh804zk
20806360	9789188671097	r1fnxv6wp34r2pt6
22330317	9789188671417	kt7gqn7vhc1t8fbk
22330408	9789188671431	lv8hrl0wj8pz4jrt
8h5nws0l6z0r0945	9789188671752	v4jr1vnvsp44d0xh
21649704	9789188729019	6gv3b31f4g4l38kz
22553897	9789188745149	t3hq0v4frm6gxhqt
22666823	9789188745224	r1fnxppxp2vz7t0l
12066399	9789189196506	08nw4w8px09t02k2
12442558	9789197907460	8jx5fb676z8m4pwc
12442560	9789197907484	5ft2b71w3dpc7xrt
12442561	9789197907491	s2gpzx0pq0dzdw6v
19332808	9789197948678	dn29kdpbbbn4p68x
19j319scztcfjl6n	9789198242447	hr5dnkngfk7crnww
hrxwqfw5fjng89mz	9789198447712	pzclvm25m218x8kb
t3wb4shkrtk40djk	9789198459906	q0dmwvwsnh4xvsj7
22015092	9789515244185	gq4clczgdc1nsss4
22529571	9789523331495	8jx5f79f6h12vq5g
