4113367	15759997
4112678	4345612
10123555	15536600
4112679	15760000
2693331	15760001
3206814	15760581
4112680	15760616
2698422	15760618
4112682	15760626
4112683	15760661
4112684	15760690
4112685	15760697
4112686	15760702
4112687	15760839
4112688	15760845
3286987	15760862
8264848	15761096
8264849	15761097
12305293	15761270
17643231	17644143
19305804	19341247
4112691	15761323
12097876	15761347
12097376	15761349
4112692	15761352
9501352	15761357
9793011	16957833
8261444	13991095
8224221	13991099
18806018	19348950
4112697	15761375
4112698	15761390
17643359	17644154
3206849	15761402
8260643	15761478
9121921	15761482
4112701	15761484
4112702	15761488
4112703	13991089
10933136	15761505
10933125	15869388
9712984	15869406
4112704	15869456
12286849	15869483
4112699	15869824
8264850	15870434
4112706	15871796
9197331	15871833
11898310	16958107
4112707	15871865
13325692	15871893
4112708	15873049
11295304	15873151
4112709	15873169
4112710	15873179
4112711	15873241
4112712	15873259
4344604	15873313
4112713	15873337
10134513	15873350
4112714	15873371
600498	15873575
4112715	15873620
4112716	15873871
16930817	16930836
16930955	16930960
17549858	17818275
16930964	16930967
17549874	17818281
19228420	19273295
19228477	19273299
17549864	17818282
19228781	19273301
16930970	16930972
12337649	15873896
4112717	15873939
8264851	15873963
4112719	15874068
4112720	15874101
4112722	15874118
4112723	15975085
17643420	17644160
10158693	17617344
18166656	18392496
17643447	17644572
9857929	15975086
4112726	15975087
4112727	15975088
851388	15975089
2506033	15975090
4112728	15975091
4344591	15975255
4112729	15975929
4112730	15976825
14716942	15977858
4112731	15978012
11372010	15978115
9416191	15978272
4112734	15979096
4344603	15979163
4112735	15979325
14741403	15979392
2764950	15979539
4112736	15981873
3616796	15981902
4344601	15981918
10514994	15982023
8963055	15982078
4112737	15982141
4112738	15982211
12560823	15982844
14978679	15982961
9144590	15983136
12746609	15984448
9717770	15984503
12339669	15984510
10897724	15984534
8859240	15984577
11751864	15984616
8852779	15984656
8869499	15984742
19132629	19153473
3211155	15984792
10064513	15984826
8859231	15984867
10741103	15990937
10192628	15990970
19151760	19205403
2315400	15991028
8842973	15991067
8691302	15991110
10142969	15991126
14825385	15991149
9831279	15991189
10449039	15981702
4452244	15981718
10449089	15981734
10449190	15981752
10450241	15981764
10450267	15981782
4452239	15981783
8815140	15981785
11796652	15981788
10451502	15981789
10452797	15981791
4452241	15981793
4452242	15981799
8802945	15981800
10454429	15981802
10456081	15981809
9411797	15981810
10456110	15981813
10456128	15981816
10457293	15981847
10457306	15981867
11778363	15981896
8815149	15982260
10452775	15982325
4452243	15982357
9411766	15982391
8424280	15982424
10685677	15982885
11213373	15982994
9717815	15983208
11860182	15983092
11819010	15983248
10740432	15983282
9591935	15983309
13560501	15983359
14825370	15983374
10024687	15983430
10410500	15983463
3213793	15983500
12319104	15983543
11213387	15983579
8869531	15983608
19135517	19153310
12281944	15983622
12288209	15983624
4112740	15983662
4112741	15983707
4112742	15983734
4112743	15983894
14717422	15983905
11893410	15983960
4112744	15984025
12149392	15650743
12399807	15650751
4112745	15650756
707737	15650762
3211421	15650769
16388228	16517424
4345077	15650778
4346151	15650781
4344581	15650786
13474868	15650793
8267037	15650797
14225883	15650808
19323430	19341168
19312425	19341174
19312489	19341176
19312603	19341177
19323411	19341183
19312625	19341186
19315493	19341187
19312631	19341190
19314276	19341192
19314290	19341195
19314485	19341198
19314831	19341200
19314863	19341202
19315062	19341203
19323251	19341205
19315137	19341211
19315156	19341217
19315604	19341218
19315213	19341219
19315418	19341221
19315786	19341224
19323055	19341226
19323094	19341227
19315434	19341230
19323445	19341232
19323148	19341233
8264852	15650809
11315681	15650810
16163348	16163406
4112748	15650812
1181909	15650813
8264853	15650814
3679374	15650815
4112750	15650816
4112751	15650817
4112752	15650826
11760559	15873380
4112754	15650835
4112756	15650837
4112757	15650838
4112758	19285814
4112759	15650858
17643909	17644921
4112760	15760585
1866323	15760593
4112761	15760598
4112764	15760600
2800855	15760605
8267464	15760612
4112765	15760614
12751924	15760617
2503949	15760622
9457403	15760628
4112767	15760633
4112768	15760801
3679492	15760805
4112769	15760812
2809139	18566467
9353411	15760813
4345088	15760817
4112773	15760830
4112774	15760835
4112775	15760837
4452409	16005063
12162761	15760838
14732424	15760840
4112777	15760841
4112778	15760842
4112779	15760844
4112780	15760879
9679495	15760947
17021708	17029097
17643465	17644168
9002925	15760960
8393443	15761548
14716928	15761553
4112782	15761557
3213259	15761560
10646244	15761564
4112783	15761570
13407538	15761571
1767385	13434192
9697021	15761578
1865541	15761581
4112788	15761587
10423844	15761591
3213282	15761595
8404836	15761596
4112789	15761609
2346198	15761622
8264854	15761691
10201288	15761707
2823724	15761708
1865546	15761710
8261885	15761769
10220529	15761784
17643487	17644185
17643530	17644634
10230297	15761787
12427593	15761789
10220544	15761791
10197019	15761793
12199401	15761795
13755854	15871803
4346323	15871851
12427285	15871868
2137251	15871900
14676373	15874893
2826415	15873467
4344911	15873485
4112792	15873532
12164815	16191966
9800386	15873571
17643606	17644660
14675330	15873736
4112794	15873765
4112795	15873779
19305901	19341237
4112796	15873796
9841091	15873832
4112798	15873880
12057268	15873902
17643660	17644673
3213583	15873919
4112799	15873936
2831128	15874017
18427578	18427731
18427574	18427726
12337666	15874230
17643697	17644898
17643689	17644758
18427537	18427689
241292	15874234
9851437	15874292
4112800	15874332
876417	15874351
17643674	17644686
9575744	15874383
8402420	15874405
4112801	15874412
4112803	15874417
8226818	15874450
4112805	15874500
4112806	15874619
4112809	15874629
3213825	15874633
2834548	15874638
1810357	15874645
4344585	15874651
4112812	15874668
3213961	15874674
4112815	15874682
3214148	15874683
4112817	15874782
3214181	15650833
1568054	15874980
8264855	15875013
4112821	15875027
17124399	17124421
9840229	15875048
2622042	19349349
2622030	19349355
9422417	19223423
2753413	19349359
2631189	13506739
3678898	19225758
2625423	19225772
2627963	19225792
2734451	19277063
2509100	11653806
2783541	19227256
2801121	19520388
2783545	19227291
2654102	19227306
2790115	19227324
2793954	19277180
10171757	19227357
2092229	19227462
2808837	19227501
8206782	11653823
2979645	11653825
2811213	19277277
1532291	11653828
2501729	19227594
2501791	19227626
2796392	19227633
2813987	19277288
2535033	19277301
2534858	19277330
2831177	19277346
2800653	19277349
2656330	11653784
2565281	11653787
2634175	11653790
2565275	11653792
2569958	11653794
2586637	11653796
2578701	11653799
2625356	11653801
2842594	11653803
2746108	11653809
2748542	11653811
2779208	11653813
2793070	11653815
2797490	11653819
2826827	11653830
2808907	11653832
2808308	11653834
2887377	11653836
2837644	11653838
14808867	2647969
1865536	19962119
2523004	19962135
2797767	20175429
2565326	19715930
20197534	20208244
19981989	20011998
13482778	20706637
2698156	20777844
2567507	20784999
3276072	20791221
2648016	20792273
2625218	20792299
2647974	20792444
2730322	20792470
2743484	20792507
2822350	20792765
2826843	20794232
20815670	20822347
2829777	20858608
20902608	20902611
21540369	21550853
21540371	21551197
21540305	21551455
2812922	21575146
2715776	22017487
2797409	22034335
10734139	15871879
12286821	22061180
2698426	22543035
2698432	22543082
2698446	22543098
2664631	22543464
2716969	22543543
2716988	22544462
2732042	22543123
2797327	22544013
2825477	22545969
2254226	22546388
2581282	22551975
2575353	22552088
2820126	22552151
2820107	22552225
22552222	22552228
2581307	22552274
2734619	22552304
2801851	22546369
22572567	22572569
2578299	22572522
2581294	22572779
2673233	22576754
2764943	22576788
2764985	22576816
2625496	22576838
2625491	22576865
2775915	22576874
2636647	22576888
2625488	22576914
2625478	22576962
2755986	22576918
2889384	22576928
2732080	22576920
2581311	22572783
2746083	22576971
2723316	22598372
19958877	19980795
2645569	22618157
2645430	22647335
2654120	22647366
2743675	22647378
2755969	22651546
2583899	22651549
2794416	22651555
2801866	22651568
2806257	22651570
2810472	22651588
2809552	22651584
2621938	22665227
2621953	22665228
2743691	22665225
2810359	22665230
2825127	22651592
4112787	22651590
2621959	22666417
8639573	22666418
2622004	22666421
2622010	22666425
2829973	22666428
22667414	22669846
22667012	22670100
22667096	22670060
2622221	22691434
2622225	22691436
2622228	22691744
2622021	22691437
2622026	22691442
2625424	22688444
2608939	22688448
2797251	22683513
2754098	22691446
2881918	22691479
2797246	22687684
2682328	22685832
2682336	22685834
2684498	22685835
2684458	22685851
2684480	22685853
2743083	22683215
2748756	22683217
2753880	22683227
2592563	22688237
2815723	22691487
2092238	22688892
2836163	22692501
2836662	22692517
2836689	22692522
2837040	22674942
2837045	22674956
2837044	22675033
2837049	22675052
2837071	22675313
2837958	22675371
2837086	22675376
2837954	22675380
2838032	22679938
2837222	22680298
2654043	22683516
2636542	22692630
2622236	dm9xg65lbq3z8xwh
2878998	4c1nf1nh2fgfld9r
07v3cdfdxvcw8bpd	s1pbxzprqjtmjstf
2624939	7g4rldsh5cqm3jqx
2624962	8h5snrr66g6q0z1j
2753951	22683268
2753946	22683258
2754008	22683254
2753979	22683247
2753889	22683228
2831546	22680468
2785816	22683491
2785618	22683434
2785809	22683457
2785804	22683447
2785814	22683473
2611841	22692625
2826945	22683557
2755820	22683299
2755831	22683303
2775828	8j6z4z6s684b02c3
2611878	22692624
2611853	5f3w73753bglwcdd
2611871	22692626
2755970	22683306
2755968	22683174
2728450	22683537
2658161	2b6c0t0r0p005mb7
2581141	z738x2lgwz68krwc
2601741	9kfl8klg71s2xg5v
2847372	t3z4sc5zrl9334vw
2658128	z738xt6pw7tb9jc0
2815744	195b1fbqzhw965cf
2818642	9kflbqch78fxq9jf
2818669	6gbh81r74pcjws9z
2825289	nxszwlr8lj69cwkj
z73871jwwk1k5zwm	pzt0zw5zmj9p822t
19868740	s2x33qnqqhtcv536
2829683	cmhnpnb092krc4pb
2541932	4d8fg1n52lgb14wf
2833080	lvqw0zxtjrl5mntc
v408mz0bsm0qhckg	7hcm0jr25pjw5dsc
2779406	cmhr0zkl9z2105jh
2779295	cmhr7wfl9p5f8nb1
2755828	22683287
2822434	cmjgvtg59slrhcz9
3616831	9khgh4vq7pxzc1r7
2669146	v4218xf7spq63f5k
2636924	0865fz1qxk7sj8hn
2889026	9khgsxlb7bf3s1n7
2762485	22683325
2773315	22683375
2775787	22683382
2775592	22683391
2779309	lvssq04zjvvjcnmp
2783530	hrppnk9ffkd7bk3h
2763052	v4222k5fsl9skcwj
2882119	08667xhcx8zwx7mj
2833466	ktrrsqbqh12fqrmm
2837221	22680332
2822417	s20bmntlqhf8nk6g
2661505	pzw7j7jmmqc4p035
2762937	ktr3d7rkhnbqn5zx
2656742	jsqqqb8lgjd37n19
2496272	pzxp59w7m2nh24d0
2668828	9kj9vg6x7qkxlxk9
2625109	6gf775hn4jd5h4s3
2605144	5fd674q93fmsdj5q
2622173	mwvns6k1k3j5kw4f
2790234	v43w29s3s3g1hsfw
2800944	8jhmg9c16n6s88c0
2799142	fpnsmj6hc2x11xmx
2526292	mwv0ttskk58g2m17
2648665	x65z5v5nvtqd26fc
2808211	8jhmglkz6qx8vnmv
2819386	w54x40cqtvpxjksr
2661778	5fcp0xbl31jt1wwv
2835884	mww9qq0bkql7n5f7
2835889	r11fvxhbpwznj0th
2809333	4ddsdq4l2z06fzw8
2634213	r11f2jptphv31hb2
2688205	hrsh9d65ft59mc1j
2532575	19827n38zl05wtd6
2815578	9kjbj94g76mwhkzj
2826212	9kjnh7f07k37j81w
2829673	3cb4b99411czlpp1
2554474	hrqvn193fms7nnd2
2586848	hrqjp7xdfbqkfn13
2586851	pzxqwjpnmghprdm4
20812295	8jhmf3cb65bpwqdc
2807976	19bdx9c4zz97tgfw
2807905	t346q5n0r49wlwsv
2807911	r124n6p4p4x7hv7n
2723177	r125zk4zp8t6xvt7
2723180	cmnrk8fm9f8485sl
2723622	w5694vh4t3lk3nhk
2797445	x67b50p4vgmv0pps
2796869	x67dqrl7vxzkr5fb
2715615	w56crtq9tt6662qd
2743002	fpqw9b2ccqgngxl6
2550780	7hjq501f5pz8b5x4
2680391	fpqxd08mc1tqfxg7
2726137	r128wh9lpfkx8mlk
2690669	ktv2qtxbhg2vg59l
2836046	4dfmc3w12w0x3pm4
2837029	w56xn4fjtstn160r
2836856	9klb2fkz771vzbkr
2730324	v46289xcsns5v99t
1901600	mwzt1xxpk74xz2cb
2822796	z795bt6cwp1ql6l1
2837179	22680129
2651261	6gfkcx184l0pz9jg
2831980	s215zg7nqc8rbgb6
2827038	8jhmfppj6cj1t1h1
2831772	9khhjb017z27x6g5
3679791	3cbgd8b216wq3z41
2685701	8jlgmxs168nc5v1t
2608595	3cf9h6bl19w7g6fd
2732356	9kmhptgv75sp979m
2732502	ktwrz5bpht22m7cf
2507671	6g4xbwm64j2fhfm1
2790015	6gjdl1b84vdj8tmg
2825110	ktwch2f8hm9qbnd6
2656577	q03r15n0nb34nrc1
2827020	gqphn0s5dkh33586
2679897	hrvjwzpqfwc5tkg9
2624970	hrtpwhl9fdhf969p
2798535	22685803
2794265	22685777
2794521	22685789
2796436	22685805
2798614	9kqhl1sv708d630v
2822369	7hnvkcsf56v3gvxl
2748597	3cjqggv61vlpcxgl
2728518	22683540
2716980	r16db0sbplpfkcgg
2802736	pz4bcgxbmnmkg0z6
2767447	cms03f609zg7p61b
2812486	v49hlpsrsl5f3k06
2781875	q05chf26nz628zkz
2592841	6gmt0kmp4ml7qc3b
2810955	w5bkwkdztrqvvrrk
2723783	dnt2gfmqb88fng96
2847385	z7dm1336w2w4qc2f
2804349	6gmv8jtg4jppgl1r
2811201	9kqz92g0772zzbwk
2525124	q05drn3zn5fvkpj5
2802501	mw29n9xmk7t4rpzp
2811211	r16frlhmp0tnk1p6
2565366	6gmvgws941nm68bq
2679757	v4c1lwphsnrvrdsw
2581438	s29zj2lrqkz99962
2592549	5fnbwbt93jkpfg14
2813918	fpxl5120c20sfggq
2813171	q07wg7m4n7gt0z6c
dnwpf1q9bdmd7hvp	kt26bjz0h1zzshg5
2831497	22680459
2831442	22680451
2831554	22680476
2592847	cmwdtf9h9l1mqjd5
2837632	lv4m1h0zj2275t0m
2837630	v4dwbtpnslvcp98v
2823357	fpzgwjb2cz1f23k7
2808070	t3cv95rgrp114c77
2698419	8jrf0m0b6wlfwjv8
2664845	8jwg4jnm6nb11m7m
2656721	9kxh5v8v7429g2cp
2718893	gq3nb38hdcxbh58c
2587384	mw8thf1fkcg0qsj5
2592843	19n7wxthzfmpz1rt
2731968	6gtd38tk4dh3xwr6
2507934	5f3w90z8331rr62d
2783487	22683404
2800628	hr4pczwjf8w5ggz2
2502680	s2937mflqgbj1lz2
2808225	19jbj5tvzcsd4qmd
2801793	2bkcjwcz0g47nx44
2802447	lv3w26l9jhzrhql4
2802595	dnwpxm9gbjn3vhlv
2802599	9ksltrw97dqp140d
3268521	t3b5rhvrrw06b90l
3210602	bltn9b9r8v2m48s7
3210634	5fnh4dbr3lx2t5kb
3210653	fpxrdvbfcmc3bvf2
3210660	8jrl7xdn6r0xk1lh
2808762	v4h2r1r2st21jgtg
2823353	s2f0p290qbt03t7p
2829679	2bp8zf490s02szdv
2831471	22680457
2809860	cms1ddv29jtbg188
2680383	2bpvzfd009l5b2rq
2715481	pzbhlhd4mwtwnftt
2799118	hr49dcdjf7pv9mdq
2800928	t3gmq9x8r1k6zbj8
2846648	lv7dh4fsjn04zfbk
2846661	9kx36xb17nw2m4x7
2806283	08mtxzhnx7dw3zfr
2825552	5fsz2wl83qlbp1w6
2578518	gq4mc2x8dqvjsrvp
2802779	2bq805750h151shn
2813127	dn2lbj7pbrkg2qs6
2813167	2bq808sf05j3zx4q
2822413	pzcwm2jzmn2r3dx7
2822415	w5k3tbkvtfjrsgp6
2834577	7hwd40rj59d33dds
2851662	t3hg7nb4rqx6qx0m
2809509	s2gkk78wqkhn9c9k
2658264	08n6x0dkx6vf7v8r
2801051	7hx2gjl15tbwztn2
2801054	v4kp378dsmpt24lg
2801074	19qv8gbrzw31xhz7
2801080	x6mr5fgkvmjrhl4q
2801084	kt8ds423h41lvkc8
2809467	x6l3tmxgv5rnft39
2813173	8jxg6jq06q0vdks2
2839219	gq59p4d5dhzq0xr4
2755795	3cg4htb01r61b20w
2875627	4dh5jrf823p1cj1c
2656315	08ptmmsnxcrfzbg2
2794121	v4kphqvnsj9d4jsx
2823191	dn372g28b33vzk7p
2508043	7hx2vzmp532ckmmk
2825133	08szfbs7xkl3tccx
2826731	8j2g1xz66b4g0crf
2834144	bl4j33zp8zchw7kp
2829799	dn6l582lbvbvpf2v
2825296	9k3h37x27d41jd9p
2825301	w5p3pzkvt5ld3sq2
2834139	pzhwhthkmwmxb61c
2825465	t3nvscbtr8nj17w9
2825478	hrbjg4pjf5thnc3p
2829049	hrbjg7gsf3dt4g5z
2825795	2bw31vbp04jswc0z
2825812	6g1752lh48xndg31
2826207	4dz542192jckf45s
2832022	lvfmlnz0j61wld3s
2834103	bl5cbrdk890069l1
2826392	6g176qbp4wm08kf8
2826398	5f065q2q37w7mcdn
2826423	w5qxwljft2kfl4wp
2829725	19v21tz4z4l6n7jw
2826751	t3nvtp05rw7k8rr5
2826890	22683554
2829781	22683563
2829688	3cx441j01svjtgx9
2826986	pzjqqq34mfdnnfcg
2831071	lvfmmpc1jqwhpkwh
fp7v58zgc07p5sj1	2bw3n40w0g61651s
2634187	cm67pgk49tz56k54
2583870	4dz0gbgm20dxrkkm
2592857	5f01hkb03xrtt2ps
10562937	hr6b5gdtf3rbnh2p
2605170	t3np592hr4njw7gk
2648371	r1fdgjfxp99fj1tv
2651012	kt3l1snwhwcfs0dp
2502756	fp89r0jgc1j66vqd
2758008	22683319
2503556	08h9gx13xshh0gdd
2503897	s2938s7qqk1xn5cj
2526164	jscdv773g7djxr2z
2822402	2bwxdv9f0mztgx8c
2822654	bl56n60t8bctzwtv
2822714	r1mrr92tprd3pcbs
2829518	x6sxzbslv6gvbkxl
2829993	v4pq657xsr9lv6xt
2830260	2bx23mpg0k09t7cs
2836861	dnpf5qllb40qcfct
2628116	mxkqfwjmkw3z4knx
2628136	v5szn6kmsz3mzxz9
2628145	lwjpd1k5jwmvstk6
2628126	hsfl91vkfplsfr6s
2628162	9l7d3wqj7zts0lth
2636656	x7v1qprsvdqcnwgq
2631497	s3qwm1pzq6v3h4vs
2879177	s3qwmdbrqcb1zz7x
2631513	w6t0q6qztrhvqpw1
8232354	hsflbv8mfq0hw3h1
2634020	6h491mw64jbd5rn4
2633962	8k6c3rq96v5wzn9d
2642821	kvhncf95hvfqvrlr
2634184	grdk9m4cd0wqp71n
2800605	lwjpfj81jf0pt04v
2526824	q1ntkttvnvhh8qt0
2636421	2c05xl750p32h4nb
2718895	hsfzc8nzfpkcrb26
2572614	bm8s65t087wpb5ls
2742920	jtg0d5rpgkln56sw
2777695	nzl4j67zl6tq2bmq
2802539	lv3w2w73jdl5rl6p
2808925	09xgvgs1x462qwkc
2818673	3d1k01kb14cnkmt3
2731952	19vwcn47zkdzg6jt
2801381	r2q5bl1dpq3mwrkj
2836045	2c1gmzs70z99bb8m
2539302	v4qvvj8vsg154csk
2534846	6g2660424rtvpfz5
2535017	v4qvwz2msvmr901m
2554138	bl6bcm828j2hqk8c
2564873	09zdlzkbxz9t9k74
2564670	08v01brfx3h96djk
2834216	6h5ls8754zg40pdp
2829078	t4s7fxm1r6k1bhk1
2830284	hrchj02bfd62w1z2
2831574	grfv17m8d36jvmjm
2831639	mxl16b1dkw9b8l98
2829073	hsg8f935f93vd5jh
2636667	js70j1kpgssdn45z
2698214	js70jzl7gvslfz25
2839299	cm2tg3tt96n3wc9t
4112681	4dtl4gp42kfj1698
2658862	cncldqjf9tq6c9xh
2605199	v5tmgdl9s8gj4lqb
2578506	9lbb56gz7r87gt5w
2831647	jtk6w0xjgqh441p2
2831746	lwm8zzzgj63lhx98
2631350	6h8x48n84lhpg4td
2592839	8kcphs3j65wq8s2g
2575819	w60b4hsxtcf7jnjq
2625144	3d4r11sd1458s94t
2730216	nzmfb1psllx1z2pz
2837220	22680201
jtmzsjj9g132c3w0	4f7kd8jh2p71c1xn
2734679	r2v60gjkplkw242j
2592513	fqjvnv85cs31gx37
2669106	grf72pqtd5hc8p7b
bm96rg1v89wjd9xh	v5zr9lbgstq44t98
t4rfvrhhrs7d00hd	s3r3bxsrq9ptgr0w
2779439	9ldqj3p87m17s5fp
2830025	bmhwds4887x4wnxh
2814001	5gc6g4tc39tsr208
2830050	1b72mz8nz4tbcrw3
2830043	v52wfq9ksfmxz299
2830031	w63xgpdktbxxkdm3
2830023	z850jpskwhbz20s4
p0w32hk7mgdjjdrm	096hdh43xj70gmk6
2830307	kvvpr2m2hmvx0bg1
2834411	3dd79vzx1bnbqstf
2830316	s33h93rcqq1zwk84
2830440	8kkdgw996916t016
2830322	4ff8bp2v2n277sgw
2830443	jttnq7t4gj27m8r4
2551015	kvv85mtphpj8406x
2755972	22683308
2825139	grrlnmh9d6xh6cr1
2831141	mxxrtxcfkwgrq7jx
9854648	p00twzs5mp3c9lrh
2809588	hssmph6vfvrtlk33
2886252	3dd795vf1rcw1dwq
2825792	t44z17lfr4dn935r
2835882	p00fm252msz720xz
2836055	22692493
2836659	22692504
2836682	22692519
2836724	22692509
2836826	22692514
2836677	22692507
2742924	3ddtqlb61z7bhshz
2715924	bmm5rpx68vngvjx2
2631218	08gt5gslx86s2vmk
4fg34xdx228b0c4r	8klfwg9j6csr5ml1
8kl62hp66pwxxm9f	q12wczksnscqh33r
6hj40vlj4hd1n9dc	r23xd23ppdv937dt
cnp946529rglj2vt	t450g6grrn72b8v0
09bxrdjjxrb3q0mz	r23xd72hpjfd7bbb
p01mgnsxm6c6bzc9	5ghbsnmf3rpr9bg5
q12ngb70ngv6gpf2	q12wc856n8vr00f6
cnp93mcx9phtscvv	q12wc95mn7m1z58g
9lm8bgh77drq9vpd	v561hgptskj3760r
p01m9kx5mj010607	r23xdfnpp3p5k2wh
v56sb57ss8gmtshq	x783kn1rvjf0l0m5
grsdw9p7dblkswj3	z894lq47w2xnmmdb
cnp9r71g9c7nkz67	1bc6ntmxz8ftb0d6
lwwgj8vhjsjj6p2m	t450gpv3r7q6037m
bmm56trm8hfglrjw	3df8r1kf15pvvnzj
hssbb2q7f21q04l3	5ghbt4zh3f4w409h
kvvdbd9hhnltg2hr	p01vcs2sm51vw2mm
z88smx77wwzbss7n	2cd7q9f30tj3tgds
fqq8cbf2cjz0qvnf	dpqk2n6rb9qbcqwl
v55pw9hqs45w3hqf	lwxr8x78jzjcvn90
w66qftprtp9b0bqt	x783lbxkvsxs3t0z
fqq81mp3chbgpb54	2cd7qgz307wz9ccn
s33mdfspqzb9b2qw	s34zg7khq99x4q3g
2800930	lwxsw7gxjqkhwfnf
dp0kb17qbvwfxkc5	t4g1r2wtrct07rkf
2589736	1bn73m7qzdxzpx1b
2723239	fq2mh458cqj1m7ck
2794683	x7k40q8bvtkqwn57
2525724	q1cxsl8kn5xdtn26
2810019	09m63z04xh58h0l2
2814073	r2dzvsvqpfd69msx
2615541	p0bwssxtmk7fw3xr
2618974	r2dzvx3fpqm539qr
2618991	w6j304jmtm59t2j0
2671025	4fr1qj1x2ddfhktc
2671020	cn08zv8s98fbzw73
2490141	1bnxmm42zgj3ps4j
2492165	3dq0prw312xgt8jh
2501502	s3rkbgwcqf76sm97
2679881	t4gqfndfr79h6nm7
2680349	v5tmdnmwst2shst9
2680361	nz9k8k1plscd8q8j
2687916	7jv4v6jw5pj9h7lp
2656336	7j60t6ft5l2mzb9x
2658460	q1phbrctn6h8zp4m
3733816	8k71vd3v6wxjfbx8
2521965	hr0tgd0ffqlzncp4
2642547	x7k84xgdvwbx2jzj
2522959	t4g517vnr5wr91gm
2522781	1bnc7gq0z6zm7k87
2523039	s3rkf13mq6zhpp98
2525442	gr3c3h5qd2h3xz6k
2525761	fq2b2k9xc4ph28cn
2526263	p0blbxncm0hhkk1k
2529588	gr3c3rw2dlpg5p42
2802702	fq2b157fcqr15hmg
v5hrhkb1swch63d8	lw7h7dbdjmcdpqdd
2522980	2cpd8df501hxspsb
2524583	cnb40nc09nhqlsmj
2838809	09mwrg73x4q1s6pk
2506429	r2dnj9m7pqng4fpv
2529813	kv6gb6n7hxf1wh28
mx8jbzskkq4xc8kg	09nljbd1x8gx9rp9
2658049	5gtrvlhr3pjnzsqc
2658031	4fsqtmll2nqd73qx
2cqnsdpb0rzjf852	lw86b1k8j02gw00j
2830010	5gtrwpmm31c98xj9
2723791	hs6gxv3rfhp5gwrz
2723795	6hw5mn7n41xpxj5k
2723801	t4js8cfvrft4dkxm
2723811	p0dn497rmmcg9w5v
2723821	mxbl29jwkk71q6bj
2723828	r2gq7vw8pxnkxjr8
2723856	2cr1hsnn0t10xsg5
3413534	dp3cvmt3b65txsrh
2723876	fq4dwq51cpzmg25c
2725856	dp3cvr6pbvr85qcw
2833469	hs6gzx6hfpck31mv
2835288	t4js9blsrvzsb028
2833845	t4js8mc2rg06bjhq
1282622	mxbl2h9sk5g183xn
lw9k1vxwjl577118	6hw5nv7x49zc88r8
2832236	8kz7q6jv6kphqlvp
2832238	7jx6p63v51lnmkcw
2832242	7jx6p0vs5l382z3k
2832259	z8nxfslkwm8ghhlp
2832360	lzz254x0j7qv15kf
2832349	q1fp7p7jnp0wwf8h
2837034	8jk91p6n6r3x29zg
2661971	dp3vm6q9bgj5fwh7
3617809	lwbvzhdxjhf2v2b6
2821613	9l1k51sx7zc4xdw3
2758217	s3jb101nq52ndzhn
2805498	2csl92f10l8dj9px
2805558	7jzrghpq5cqx1t6m
2798715	cn3wlf219zjchd21
2798697	4fvncgwz2j9lskzz
2798365	nzd6w3hpl5pq66bs
2760413	8k0sg354655zxrn0
2758129	22683187
2760702	x7ng5g94v2m0p27r
3265480	r2grr9nwp7j30pm4
2856134	8k18nl2q63ktssjz
2856148	fq6ftvhxc5jnw61r
2822803	r2jr7dfspxr38l5j
2723944	09r3pqfwxlk3nshc
2658914	8k1lpmvg66nh4m0t
2657972	dp5qw221bc863l77
2639808	bm1bbmzs8gsn5brm
2639783	dp3dc6pxbtjzj7nc
2798323	6hzk4fm34jh32fp1
2654067	dp6b8r5qbsdwg2pp
2690663	lwdsj5msjcp6kp5f
2507221	22683133
2755682	22683157
2755787	22683163
2782064	w6p3tj1vt90g0xdj
2782076	4fxb2vjx21blj19m
2788550	4fxb38qb2z94kjd2
2788565	z8r5wr6hwlc20gnx
2679770	q1jxnlc3nfrb211g
2658930	7j1f65vg59vccx5w
2667274	kvcrjs3chsbdcslf
2670748	6h0d5hn14mh551mn
2734384	hs9pghxdfq9bjm92
2810716	p0hwnr5dmvc0f73w
2819477	jtbqhwmng5317nsd
2680322	8k71s0tx6hhlq8xd
2693232	8k71t6fc6fl3qx5j
2687481	x7wphxdgvsbvd6th
2687497	2c1tm4nn0c6jzl78
2687562	t4sldzpdr4h1knj1
2687565	hsg82pczf5l4skwh
2726067	6h5zrg2z4p6sbnjs
2688040	fqd60s82cv9svp3n
2688200	fqd60v30c06rw6jk
2695335	cnb4xv819nffrt23
2690800	1b0slmz1z4ct8q4r
2698119	5g4xqs2m3sz21dt9
2700108	kvjb49vfh4chdrgc
2700116	x7wphqc8v59mf8st
2702288	5g4xq12l3vh4780v
2668869	1b0smb59z8tc6lxq
2669510	r2qjc5pqpbjmpfxz
2507257	pxlr0d40m8t3z7l6
2507791	w5tm2v99tb54z3sx
2509085	bl82hd3186mkvbx6
jtbqq25dgh35zztl	x7q44kxbvjq4g9zr
2748933	cn5kcnvp9q016z7r
2755484	fqd62hjqchs41fpb
8k2gfp8p60q78fj3	1bt76kxkz63zgrbt
2781233	r2kzxdjcpxkmq1r6
2767232	w6p3wg3kt93cx5h9
2767238	7j1f7wjn5kszxj61
3679204	p0hwwm92mdkkqm61
2767469	hs9pph9pf4zpplsp
2775793	w6vnkwg5t60tv85p
2785965	w6p3wm53tvvpjvqx
2785958	q1jxqjrsnm2sf41c
2785905	w6vnj15jt3dtxfzp
2788547	2cv82x4q0hjn041s
2788554	1bt72z9zz08mfzfj
2736987	gr8nhgk4d27d1tnd
2788560	lwdsswp9j36980bb
2788573	cn5kdffs9rv11qx6
2679746	mxfttpdnkqf96zhr
2754081	cn5kdkc99222dbx0
2754093	mxftnv7xkmb03q5w
2664548	mxfttrhtkknn4qrp
2661976	mxfttvmqk0ckgvt8
2754075	r2kzs2fkp2j81ljt
2837631	lwdsmzxjjg5bp36m
20098779	r2kzs6b9pp6c1fdw
2746364	x7q4zf3sv5c17pdb
2743166	7j1fd0xb53c66gjl
2743104	r2kzxlmcpg02hm0f
2754056	w6p3xg8btf399dln
2685555	2cv83nvw0l6nkc6g
2736975	3dw94r7l196xzslx
9437368	z8r50pzrw5cjc9tw
2763014	t4m1vljsrdtwpwbj
2698178	1bt72vkgz7bsj4cj
2698186	jtbqkfh6gnv66j0s
2736954	6h0d84th4ckldpq1
2728545	3dw953bj16v5vj41
2527881	s3l0vvwtqjfkqrls
2815041	bm93zq90864vzv72
2811194	r2kztwwwpvxbpjtp
2818374	r2qjd78qpdwh45jt
2818377	x7wpkg32v5f09c92
2831392	p0ngbcq3mmwt7qt0
2838044	3d2vqt9816bnr7ss
2837930	22680016
2812552	2cvbqbt80ztt4p32
2698125	6h0gwkv3477qfjcf
2653638	q1j0dbmznqs5jl61
2648017	s3l2ghwqqp57rb7q
2764729	p0hzd5cqmj64w5nq
2764732	7j1hxrjp5rfc86jh
2764899	4fxdtqpw2p91h9q9
2764945	w6p5lk4qtpcrl7xx
2767476	v5n4klj5szdjqvrw
2777888	s3l2hm8xq3g2njjs
2779209	q1j0fmcznx6krh0h
2796430	1bt9r03mzj3d5vdg
2779315	q1j0grtpnv9c8rjd
2779597	2cvbs5f20zgwwf08
2779468	5gzfwfgb3b5wbsr4
2779608	1bt9rfg3zm0pcdp9
2785993	3dwctkqs16f426fh
2786006	dp6n5cjsbzfbdj7c
2781173	7j1h19705lk19mfh
2781181	x7q6pz32vt9mss66
2783523	lwdvdqlnj8h429mj
2783534	nzgxgtdhlcm7cqm5
2654079	v5n4n62ks5967vvb
2656326	bm4l03dp8015sk0v
2656419	hs9r6p6pffsljvhc
2839114	v5n4kz72s7sddpmf
2837636	fq7p38s8cp0k9692
2844304	x7q6m7v8vdr4sz7l
2657976	9l3k3jz37b035zsn
2658046	r2k1gs4rpp04ss62
2611882	bm4l4qkh82k5r3sw
2658172	5gzfzm1f36r65n6n
2658928	gr8q816zdm1kss5m
2658931	kvctc6fbhlwvw2k0
2661943	bm4l41nm8ztghkx9
2764889	v5n4nm4qs0vgd4md
2684512	5gzft2wh3cb6gxcq
2698159	s3l2llprqg0bzzsw
2730499	kvctcgkchg8cdps5
2732709	3dwcx28m1kmv71wc
8231910	q1j0krxgnbl9czg4
2810894	r2k1lv5kprlnnzqt
2820116	z8r7s4vqwhgcsfps
2822361	7j1h2jd358c9dkl3
2820230	3dwcxgcw1kv28j99
2820089	x7q6rd1rv1sg5c62
2673182	dp6n7xh4bdqtl9qm
2835911	cn5m60nh9nmvh8vq
2837938	09s8tp7lxf0w3zgp
8233486	3dwrdtw91rbhfjkb
9l3zq5xw7n3slrjp	3dwrk1pw1z2vszs9
5gztmb023k4jj0cz	t4mh947lr7pspk4b
2668936	z8xqm1qswc0qppmn
2668940	1b0sp620zzwcds5m
2668946	w6vnk3lxtgrq0fwg
2715791	bm930l3c8qpg0r59
2726049	22692594
2726065	22692595
2748586	5g4xr14v381gz9sb
2753596	fqd63vr9cx999bv2
2758026	22683244
2754038	22683269
2755445	22683276
2755486	22683280
2762486	22683330
2785995	22692617
2783503	22683428
2654057	22683518
2654074	22683519
2734494	22692627
2670968	22683521
2671061	22683522
2684505	22683529
2698187	22683530
2716486	22683534
2541798	22685760
2793888	22685764
2793892	22685767
2794414	22685779
2794421	22685783
2800981	22685792
2794890	22685799
2796440	22685810
2813407	4fxwsv3q2t63m97r
2818459	22685821
2825484	z7tzzk9twtm88hmk
2611749	w6vnkdqzt80bcll3
2829128	hsg852ddf8ps2w66
2829125	z8xqmmztwsc14lm1
2829134	4f3wsv20254t18bd
2829260	dpc525xzbp1qstzt
2829242	w6vnkq55tjghfzjs
2829250	q1phdm28n1rnf9nn
2808294	4f3wt3d22pb842sl
2808850	v5tmkw4gskxlbb80
2808803	z8xqn2frwk892z7p
2836050	22692486
2836053	22692490
2836126	22692498
2836151	22692500
2836698	22692524
2836704	22692531
2836710	22692535
2836804	22692541
2837062	22675093
2837066	22675244
2838040	22680068
2837170	22680106
2837223	22680335
2837257	22680341
2837282	22680345
2812484	fq8gn33wc285pd0c
2825718	q1kr003fnrgfmkbt
2581447	bm5cmj1s80xb7xcf
2622018	kvddml5fh28xn436
2721394	mxggr5vck5wn25s4
2730353	s3mmxdgzqkgqdsr9
2732101	fq88kp4vcdg2fgnp
2732112	dp77jqvfb8nfp273
2734667	p0jjtczbmr9qwvjn
2734695	dp77kcpjbj7n14hp
2743056	2cww6g1m0g4cmxhc
2743470	9l44frbk71tmkmmr
2743665	4fzz95762nbtz70s
2746118	mxggsp6xkf0q5j4b
2748569	hsbbm7s1fnc1mcwm
2748581	1bvv5t18zv9znvbd
2798269	p0jjvt3kmlnmwnp5
2753432	kvddpdddh4mcwm8x
2760342	q1kkwz0dn127499w
2654082	lwffrw4mj48bv1bh
2790986	jtccnq69g2s8h74s
2790025	7j22dlvl5ksqrxls
2797486	2cww7hcf0rcjqlst
2833170	9l44gs8t7jgxj94t
2796876	bm55mp7m8hh9zq8q
2730356	jtd61zk5gxk41xsn
2760348	5g1t2bxv3szn5xx8
2811197	3dzwdcrd10rr2bhk
2812469	8k5j64cq6kw4p2fv
2648644	v5rcghg6shzhvqvv
2818668	mxj48cnxkvttxrv3
2726188	9l6s07937611wg1k
2797215	x7tfnt8rv7g3rvwl
8261309	mx5bbtqbk7584lcx
2809901	bn9cp40w8bldgfqk
2815039	z9x0btmdw186hc8d
2834568	htgj0rsrfv3k631b
2726123	jtd98g35g06qgcqj
2642756	mxhdcq5dk1d2kgp5
2685673	r3rqmlxbp08dckvw
2685676	cpcb78jp989wnvsp
2690395	q2qpmpd2np4j6l4f
2690623	x8xwt1tjv9wd2pln
2698400	2d21xk7c09tsd1bc
2698449	9m98501r7hsqcspn
2700121	6j664fm54k9h78t5
2700126	kwkkhwm1hxcvjrjw
2702284	4g4315n92svzknb3
2647846	8l886nwf6q10tbrf
2647861	6j664nrf4f23ddsz
2653762	dqddb1z1bb5x19dv
2658303	6j664w2s48bzdxqp
2656334	7k7751gv5vxq0fzj
2657931	t5ttrqm2rw3k12t6
2658807	4g4434lb2ndn2tck
2661733	w7wwvzp1t04fr566
2664697	cpccbjfk9971lf6r
2669000	s4ssr0bqqpx07gk1
2664760	s4ssr4tpqw8jprj4
2673618	dqddcr98bdcgvvws
2639932	bnbbbqjl8xkpb43b
2622234	r3rrr7x9px9b2f04
2624953	p1ppp760mhffc64z
2624976	frfff1wpcnltjntz
2625162	3f332jr21ct3j07s
2715496	0b00zhg7xrt8q3v4
2715504	w7wwvg3kt7nc59pj
2715509	7k776tx257vs7hbv
2715623	2d222qgf087dnqmg
2715811	x7mwgsclvc3j7dzz
2715868	z9zzxrhfw4443wzb
2717001	hthhh7n3fd5xpmpd
2565289	v6vvvn2qst9p4rc2
2570217	q2qqpl2qn7s8xstz
2581144	lxlllgp9jd52rqbj
2581428	1c112zpfz80n2wwz
2581463	p1pppm1zms2q0wrk
2586641	mzmmnm4vk6zf4hzx
2586675	dqdc9n7kb9tk004v
2586835	p1pppp4dm7tj1fn8
2589726	v6vvvx27s38jc2vb
2592498	7k764k1s5zxdsrm1
2592586	2d22269t0f6p5rbw
2592633	kwkkkqd4hrg4lg46
2599054	7k7789tc5njgwvk1
2605115	0b0007dpxwv6mc3m
2605135	9m999ljb76rgbg2v
2715797	9l08t3mb7fvgk0d9
2717028	t5xq80m2rv2g2rb1
2575838	1c4xg8t6z9767936
2595316	9md6qqhs7cqm2m3t
2592668	9md6qmcn7h1ngmvb
2605180	z92vdgbxws74jpm9
2839233	t5xq7q5xrxgsr876
2624986	jvmfz3bdg1v2731w
2625337	3f60jqkz13mt0pb8
2578526	2d6s0q1n05hxxptp
2798740	hsc87hd2fns89k4z
2715809	fq4d0dj4cjhl73w7
2639673	p0dpndstm1j2p20v
2648530	lw9ll0v7j4ldgg76
2815138	22550060
2565267	8lf7xd5p6w2nmshm
2831564	n0tmc4c5l2wwkhlc
2912534	0b5zq922x589f12v
2605219	s4zv7gt0qxbjft66
2730211	n0tq4t67ltm314qw
2748548	kwqm1v9nhwj7sch8
2810363	dqkgvs0fbh2lckv0
2815417	kwqm12t0hbclwfr6
2825117	p1vr59vbmfhsnjfw
2586690	bnhd068q8gm95ss9
2586862	r3xthrplp0cgvpw2
2825450	gsmj8w3cdg0tkh20
2625401	8lfcmwm76msp0457
2715683	n0tfjb0qlqbkqfps
2715932	mzsdgg27kdvldmcd
2717016	5hbx02z93958jl99
2718902	lxrcg6qjj12psd2x
2575645	p1vgk75nmxdpnd3d
2586973	4g9w090g2g5h5s08
2592522	9mg25rvm7wxtx0l8
2592734	x83psbl5v3qw5v32
2598727	p1vgkdkvm59mwkk4
2605132	s4zknszmq29m83ns
2875706	p1vgk1djm8qjjbq2
2809535	6jcz280j4h404hxc
2818454	4g9w0dfx2msv8wmr
2567324	6gbhk3t74hkknmp0
2831419	hrmsxmg0fh57xzwp
2716509	3fccrqd61v7hwcl0
2716522	r311fgtqpx2kqlp7
2618950	bnll0nsn8xm559n9
2731927	4gddszsg2h8rpj8h
2732104	htrr5wwwf8hnbxgr
2732497	bnll1l6q813q4q0k
2734504	z977nbw1wds74hcw
2734608	kwtt8zdmhmkpkqtq
2734653	9mkkzvcs7hbtvz7g
2734693	mzwwb465k55kndn1
2743023	frpp3wqwcd4hc7s5
2797422	frpp359mcgm5zwrz
2587369	v65zrj99sblmx4n5
2723628	bnnd1lpv8636nn2b
2743084	httk6tx9fz3jppn8
2743307	3ff5shmj16n30j47
2743396	frrh4wr2cwkm52gj
2743694	4gg6tn822j9gjj9q
2797582	kwwm84c9hwlct9cz
2743014	dnt2f5mzbcr463vf
2832198	8jdkpzgp675phv8f
3679892	x69z990tvq0r4kfg
2801050	09b69p8wxwbz2qh2
2645745	w77n93trt1gdq5pq
2723501	v66m840wspb6qfh2
2743049	z99qcblhwtlhj41m
2743163	n00f2335lzn6zpgs
2743374	0bbrdj3lxckvjnsp
2748977	5hhxkr3x3bzvl276
2743403	t55l7gnxr5bncb3w
2755888	t55l7lsqr12j9932
2684459	htt8wbxzfz8p8lrv
2808908	1ccsfbv1zlh00drl
3396243	w799s1t1tv650fc3
2882721	2dggzgtn0c50n633
2814182	0bddwpcnx00zjs6s
2815287	kwzzg6c0h6fwz758
2815703	3fhh0nvp130w00dl
2815715	3fhh0dzs17rbkhwd
2821144	t577qbpsrmprjh6z
2817847	8lnn5j6t6nf7ddlg
2526395	5hkk2mdr34mh5jz3
2818246	q244mxrmn0dwzv4q
2690677	jvx302mwg16msmb1
2698389	5hkqmxm531lz9zwp
2698415	4gjpl07s2557h1q9
2698418	x8bhfv93vx2f0dl1
2796767	frt0xgkvc3blvzwb
2796786	gsv1zkd6d45hv1rl
2796866	mz164sphkm3gpwnj
2797606	mz164vt6kmzzqrn8
2636660	t57dcsjpr9m5gf0h
2802729	v68fc5g5ss182jlb
2809174	3fhnm4n61g265lgj
2809274	8lntrz9m6pn9cwnf
3268999	bnqwt7g38ks2mflt
2808920	bnqwt5gb89j95r0t
2809943	3fhnlvhr1ntlb8lr
2809964	kwz425zshc1533mt
2810116	gsv1zxgfd8r8fqsd
2810119	s46c96rrq26rtv61
2810148	lx0534vpj5r923s5
bnrlzm5v885c8znd	5hlfsln33z8mm0wj
2796771	t59m5ph0r992psfx
2838687	frw7sd3hcl0kg11f
2611932	ht0jn6xwfsqxqd5r
v6bnpprvsj9n436k	r3885rtcpk7rvmbg
2760360	6jp2rgfc4x06q6xg
2790266	x8fsh878v83fnx42
2586707	jv1d4cxxgnvvnw2x
2797439	1cjwnj3dz4j5lr0z
2797845	p16kb834mbhqqdrj
2798599	v6cqjw0dsczb4ssr
2798694	7kq3vvkx5tjvf6fm
2798709	t5bpgj65rjx6p2bf
3258565	t5bphr0crvkltkz4
2798727	q27ldtf9nlnq5k5j
2800028	jv1d6prtg3gnslmz
2799877	5hn1s6kf3sgk3lzm
2823155	5hn1tdx33p70wz9x
2800089	4gm0sfws2z8nmv0c
2800608	cpv7068j9cl4rs1t
2800622	t5bph71lr1zhnf37
2800639	3flznjbx1ntwwgmg
2846829	2dkxqjdv002gthjj
2846838	6jp2tzd846kch6q8
2803477	z9gtjg8lwdpv459t
2808924	6jp2s3hb4zkq1n74
2808929	mz4h8q0vk0kgfstc
2815089	z9gtl4mjw5qmt7gn
2809520	r38md07kp3dgpn0p
2809540	x8fsk734vzx419jj
2809579	n05j9m6wlf3sgv35
2809861	bnt6zn3x8v8fkmwq
2810520	s49nf68gqjb836m4
2809168	p16k8cl3mx6s0f7q
2809324	ht0c275kfxcsgdd6
2836120	q27lln0bnj8mnrf7
2797475	n060xq8wlhvjxh4k
2811135	bnwdjf2n8gdb3wbf
w7gz34s6tl54pxn7	x8h047bhvdcp56n4
2811139	fr0hmtzlcbstm66b
2811423	gs1jnxqmd6xmws3t
2815284	cpxfk6z191rn2g8n
2815292	q29sx8vsnbkp00jw
3428612	0bk2752fxgf7gdwm
2884142	t5dw25x6rsz9vlrp
2819374	w7gz448wtkvk7kn5
2817832	lx5nt36xj0jdkmdf
2884086	lx5nt0mqj0ks8bx2
2821451	p18rw9v3mh87b9d0
2820163	8ltbhttm6gxpdhnq
2820166	1cl38nl5z0dnnvnk
2823214	q29sxcmknmqjwn93
2822717	gs1jp5s1dzktt07s
2823345	bnwdj1588bb7f28r
2825291	gs1jn7sqdk9cpdhb
2634001	dqzgl90nbbjmh25z
2530754	v6f58nv9st1nbnz1
2530348	kw4vzfhkh91228gm
2530351	lx5w0hcbjdf3vb5r
2530354	p1804nbqmk7mkjg6
2792095	q297fc8nnw4299kb
2792115	cpxv22k0934k7kzh
2821140	s4c9h5swq8l1x3kp
2825205	4gq4smlt276lb4rq
2825455	dq0d3q21bm179t9x
2825472	gs2g5vs7dkxjc711
2647839	fr1f4wf2ch2t16sg
2754042	kw5swzwkhc9z10pq
2755962	s4d147l8qfvprdql
2556873	w7h47djwtg1zt03j
2790248	cp09nhg79j6nbxw0
8257338	3dsjhh091r9ffp9r
2605083	ht6wdj34ffgt7jjr
2572641	2ds6hrcg04r3qmv1
2810678	4g96pc2x24xddjcb
2719100	fr68l00jcg04rf3f
2788570	dq57ldddbqj1fqlm
2688004	r3k9xv18prswmllv
2702265	z9rh45bqwpljxd1h
2645723	6j0qcklh4xk009rx
2664750	mzf5sw0bkn2lsqg1
2658277	cp6b5zjf9l59cpwn
2730191	mzglf9h7kgcp4jnp
2730201	x8rwqpdzvqwljlv2
2799036	6j15023q4zr3561g
2658336	dq7c760dbnwmt3sk
4h3m04922n96jh5r	3g2lznd517mbf9d8
9n9qjhdd74kx1pfg	kxk0w9wsh80b2j1h
2821674	zbzqsdb7w39n481n
2837945	m0mdg5zfk82ddt3l
2837949	4h4wzqtg2wgndrh7
2839254	8m9fc7mf6f8w4mch
2648105	5j6b86cl3cc64s9v
2792002	7l8dbbsb5jpjgk7m
2687523	m0n4v9w4kxt81m72
2690403	r4s80js6pprz1hp3
2698436	5j6nd0qj3s46prhf
2702274	x9zf5tlfv9cx4t5c
2645737	8m9rj7266sl3bp0q
2648030	p2q6zrnnmrk2h5rs
2669205	v7wc40h9s7czwt5w
2716228	fsgxpngscc55nrcd
2605160	0c1h894nxzlrxw4l
2611938	gthzqtcwdsh1q51z
2835871	5j6ssmht3fmnxtq2
2836808	w8xjjfkgt1x4msg4
2586660	1d3tk306zgb6hgrt
2809277	p2svxt3zmwjqhb9t
2830278	s5wz109nq5vwq534
2830505	4h79chpb2lnjj65q
2622142	bpflv3mm8fj8kf1w
2831808	5j951gn7328wkjg1
2831810	zb3ztbz6wkjlvh4x
2527518	0c40vdqfxpgbs35k
2804199	x92xsf0fvdj56bc4
2820096	8md84tg16223c9gm
2830267	r4wrmd03pt1vkzr3
2830265	r4wrmgj9pwq2m890
2830274	2f62xwvt0mzz7d4v
2830448	w81wrnjtt7927kvf
2831040	r4wrn500ppf27bj8
2834389	v70vrt4csj25n7zh
2798558	fskf9bt6cbw46ld8
2645705	8mgmdzc064zp21bv
2656316	q3x3x2h5nxqjtsj1
2871600	gtntl2h0dnjdqj1k
2581320	4hbh93cv231rs4bw
2592673	q3x3wxzjn76ptn7g
2598833	zb5b3tn0w3lh5pxx
2605067	8mgmhvsr6rv85l42
2605150	kxrxs8plhpb9zx4s
2601751	kxrxsckshg2bhq0h
2625350	cqkqhm4f9v75fvvn
2799246	q3x3v4zvnw3c00kp
2799255	hvpvmz7hfs15nfw3
2639963	r4z4z1srp1rmvgw6
2885625	m0t0thpjksl6qpx3
2797442	lzszrgbrj5dv3wx3
2797655	n1v1vrrgl2b7506q
2797774	4hbhc9s7218jmqqp
2798318	kxrxr6lrhfsgprbf
2592650	8mgmh81v6w57tdmn
2798717	6kdkd6c047m7ldf3
2798731	4hbhbtvc2j25mbn2
2799327	v7273z81s7692lbj
2799880	kxrxsvrxhmdzzlbg
2799885	gtntnxd1dx1c63d3
2801389	5jcjcp7s3kpn03ht
2800613	zb5b5422wqndk4bn
2822400	5jcjdj0l3zcjwnq3
2815048	gtntpblsdpbnb8wj
2830513	m0t0wllxkgs96mvx
2550955	drms96dlbsbjnr9z
2698438	cqlr87nb9gr3hb05
2792936	0c7fx3zcx6216dvg
2800861	gtpwdrzgdhxrvn8l
2800923	4hck29bj20w92mpc
2527919	5jdl3s4n3bsc6d9n
2802621	6kfm4f524vb4z91k
2815597	jwrxf2sxgxvmfq98
2832535	0c7dwm7gxls8sg1t
2805686	t627qjtnrc91flsv
2805650	w84btl8vtx01m2bl
2836633	jwrzg98zgnwn1w7s
2564859	jwrzgc9pgb24nx1r
2618977	w84btspztlm0lkd6
2815022	cqm9kbzw9w7wqjc8
2835909	8mjdvkl665kg979n
2822365	drn5m55qbx4d02v9
2564734	gtq7p9cld69xlwlg
2575796	r41j1psrpsnlwbfr
2790245	jwtbdbf4g7pv3zdb
2790369	3gdx2gw41wbqh8h8
2790833	lzwdfq7pj0zm1gl6
s53ms68bqt8944z8	t64ntdn9r53jr6g3
2793204	r42lrzz3p9ctsc44
2797471	9nl48kvk7m3jjw21
2794058	2fcw267r022vtx6t
2794065	6kh01vl94q8qd6bh
2794702	lzwdfb2pjvj0j5bw
2796378	cqn6cd8n91m686wq
2796792	7lj26qct5x00cbvr
2809271	2fcvw9w90zr1b5rq
2817786	m0xfgxhskjkvkwds
2821846	6kh01n92418hh5p2
2823119	9nl359137fppkdfk
2822407	jwtbb8r0g5630n97
2822408	1dbttv0tz2gdm6v9
2822453	cqn6cb1z9zch6974
2866470	hvsbg2rrfzzqmr79
2822724	x97rwt96vl8zqvff
2823338	jwtbd9t6gfjmsgjf
2824683	jwtbcbzvghcznsl2
2824672	zb8rsczbwb6hksxq
2824680	0c9stk4kx4kqctk7
2823599	3gdx2x7617dt2vr8
2823603	7lj114d95njw7sqv
2575787	cqn579mx9ldzxswb
2622194	drp7c13gbbcsz79g
2534966	x97rwmd9vjsjbcj5
2564759	6kh15z7c4r3s0ldz
2567494	t64mnwzrrgh0v71w
2567447	v75npqx7s5h21bf8
2808904	gtr89fcjdxwqc4tk
2587372	gts4rxc8dpqp9q78
2802777	gts4rv1jdkxg56ng
2803413	v76j5sr7s5z0xzx3
2806290	lzx8w47wjmhrh671
2810247	cqp1nlbs9b37lwk3
2809884	3gfrdcmr1vghckj2
2809995	t65h456vrfl3v483
2810153	p21c0vz2mt6d49l4
2814084	6kjvhs0j47kt3xd9
2815392	drq2n9jqbt2zqt5c
2817811	v76j5vk0ss6bk65f
2821185	lzx8wn5kj9vnqvpx
2822965	t65h4hqmr06kmfxv
2826208	jwv6t8fngw67w1bt
n11sn2nplcz89n2t	6kknblfd42st82pq
hvvlxhmnf09bzrlv	jww0n0g9g0bd9f6s
x991fpwsv6bk27bj	4hhl8n3326ltbk4g
5jj8pq0v30r7sf45	n114s7l9llt4cl5l
7llc75sq51c73tjm	n114s8l1lj3fq4pg
x98pckt4v5sz7fqc	6kknbtcq47b4bbmt
p22tm71xmvlm3jtx	5jjm9tmm3qx2bfh7
1dd4j54nzlkt9903	2ffj6rfx01pxgn9m
6kk9nj2d4lnl3bv6	0ccg4qbrxfvjl9q3
fsr6wqb9c7t1hzv9	9nnrf2sl7b9zbg2v
drrjcms3bg61k4zq	fsswk7slc01mx72b
7lk0qcl65x9jdqfn	n114sh4glsl4gh8g
2830431	p2258fffm6rh2xzd
2833420	bppsw45v8k7m01xc
2804209	hvv2624wfl70q4t0
2830468	w88glcpft4n5b5lb
2829509	n122g89sl4pxptz8
2831973	4hjjxsn427wsqr95
2829961	0cddsqmvxf6xswh7
2831806	9npp34jj71qfrl50
2830263	gtvv8c2wdr4cnxbw
2830466	t677ns67rkhlhbh5
2625113	p24f6zmnms4w7k2r
2755963	t68kcx99rcqqbf1c
2790032	kx093zpzh2270vz3
2790036	cqs3wn0q98zss4j2
2799013	lz1b48n6jc4v11hn
2501215	x9cnhbm7vrgw0kbn
2805997	gtw6zrc4d862gzm0
2809208	zbdph4t3wm22klks
2808184	jwz8207pg224qs85
2808760	bpr2w0fn8qr6whs0
2808766	t68kdbggrj7dlm9w
2808767	t68kdf19rwflvkbf
2808914	fsv507tqc0h773mj
2810256	hvx727m1fl76glz9
2815529	7lnzqt5l5qfkxts7
2817761	q35g7w40nvkbnsbj
3086677	1dgrjnb9z0kgrvz2
2818027	zbdpggslwzsknhxr
2819390	6kmxpwdv4ljhvpj8
2818075	0cfqht15xt37nx99
3679793	hvx71gs8f35rmhxb
2818215	t68kb6gwrghxk2sj
2818240	s57j97ktq8hwpk84
2038185	s57j9kzkqn1dz1rg
4112808	cqzgkfc29tvd0bdj
2599041	p2bl173jmqx7dfsp
2615380	m08jzxk9kd8gn741
r4dn2kg0pfllbjtl	s5fp4swsqj46zrwp
2625191	1dnxcgsjzvcfjlg4
3272930	5js2hjnb38ht3pxd
19573472	19573506
2532281	x9l9wbgmvx097bkz
2702286	9nz0x36d751qbrhc
17917910	hv6kqgh7fkmszq28
17932042	r4gt0s87pb388sth
18478001	lz9ntqplj8c2j3qj
8mz4484r6p8kdj5d	q3fmlv5gnfmfrxbx
2812891	v7m2fmsvs70wq9rc
2811619	s5k0dxzjq57ddjf3
2812439	dr5l25qwbcwgjz2s
2812487	2ft8qxw20c37fh0l
2812968	8m1gz7jg6vmrjs3x
2764911	r1w5ktzzp9v5xlsc
kxclc4g5h7z30thc	fs7g74r5ct1nwfzg
2702264	fs75wr6wchw1bd12
2601898	4hxvllh92046zcd1
2648596	dr64vzkkbdjcsbst
2803474	8m20qx7x6lqrs277
2803498	8m20q0xp6mkn7p55
2838006	hv97zb5mf35s5484
2809974	1dtrjznzz7pxkf4l
2810581	n1gd5p6tlbdfljpj
2821403	n1gd5t44lbg860z7
2527515	fs75xs18c1z55j2r
2831199	3gwtlk8n159x9blk
3430615	cq53vzh39bzc29c5
2621898	w8pmdl1ctqd6qckl
2835878	9n31s2597zpc6nk7
2886287	7l1zq3lf51121v40
bp2211q68q750h6b	jwct7tfwgvg7qzg7
2799905	r4n0pmm0pnfp7xbf
2886265	m0jvllgrk2hm3bwz
2658926	n2lfc68dl27bhxdf
2822367	m1kdb9sqkxkd13qz
2822393	p3mgdg5vmx7fqvx4
16419361	4j3mknv028z65bls
2584176	n2m53fp0l19c2s60
2800999	8n8f4xz06mdkt51p
2822390	ftfl97f1cb6h4z6m
2822358	gvhhzfmmdsh4lz55
2702281	5k66mxr93kb6vdvk
5k408xxm32grnt4c	bqcghlzv8wql8fss
2732089	kzlsgkndhz39mh6m
3061007	dsfm6zjzbnn00kwq
2688034	5kc57d403xx1jnhp
2636540	jxqjmrqjgk1rxkg8
2565250	t71txp3lr6fvkjbx
2658286	3h93726d1t5dkvq4
2790270	hwphmkljf3xzflhf
2825419	6ld6bbvz4wkxrbc4
2811641	6lf38h5p4n91cdzv
2831775	5kd27klm3n6cgpcl
2834033	zc6v1g8zwvskl2vb
2815110	6lnv9fhl46384bks
3679958	dsv2h0cdb4l8ngcl
3679936	0dgn4xr8xvchdkbs
2830481	2gjtx1q103vghpsg
8232749	t79lmc8tr5b0bjl7
8232750	bqs34zkw8jm9l1rn
2648040	0dgrsrckxtd0trpt
2874650	bqs346gf8kk36z4b
2658254	m13dg748kvsw47hk
2669007	8nq1304j629108rl
2673205	w9cnqqknts75z6v0
2gkb6zxv0kkkdgcc	2gkkc2mj0xzmq0km
9pskh9fz70gs2d8t	q4770gk5n78mhjzx
2611819	0dj28l98x51tg4zg
2625415	v8dx4jhgsxcmt9zg
2803519	q48s0hnbnv6x6gwl
2817757	6lq8g1kn4bqpn5sf
2821095	6lq8g3jg473s0d9q
2825712	bqvdp96n816bc4l4
2567434	5kp7g4p43f7k5zrk
2836830	7mr9l9qp56ddqjlw
8261329	t6l1d0nfr9nkfbm9
865394	lz6twx0djskkpf1t
3428601	x9kztg5rvf3nz1tw
8264887	3gqrj4hp1qt40n8m
3020256	r4djp54gpwmggk16
10042808	7lv0fnl75qbp8mwk
z82283tlw2cc72vv	q3f56nrsnhd333w9
3706509	5jrvxm0x3b41xx7n
2822409	8nz19cn26sk35szd
4110148	5j0p1l2b3c0vgw33
2715693	8n5cq07b68ltgfrg
2715695	9p6ds75m7sbcpn3v
2723503	q4mt7dxxng2lg5pz
2809877	jxfm1f6zg9gbvtc7
5l8wml21310ft2v0	k0nd6xjvhjfdkpsp
3j6tl9221c97sn2h	4k7zr4p226xvj2gd
2715904	k0p4zpn5hzsx47pt
2615363	0f4kdb8tx40h3pb8
2578661	0f4kdkj8xlwqxsdb
2578672	cshxr2p89v2bq123
2581477	p4t83hx2m9scps9x
2595297	2h6mgzb40lxvpr5n
2605012	brgwrbd78h47wz6z
8232225	zd3jd1v5wzzhqqd3
2611809	hxm2xn2pf3rcvq3b
2618994	xc2hc60vvmt23gvc
2622206	5l9qlvdw3qlmbbrv
2645464	l1q51fr9jb49zqvq
2622184	n3s74v6hl1hp5w4t
2645690	1g5lhb1vzt44cb7t
2625228	xc2hd9stvzbsm757
2636528	6mbrnndn4ns2scmn
2967701	8pdtrgrp6n5hx3lh
2739318	k0p42z77h40xd5d4
2800844	hxm204ckfgn8dlhr
2817775	jzn32cgcgs8vg0s5
2818646	8pdts5wm63fvl59v
2821784	2h6mm22r04ll8vgs
2822680	gwl11j7qdgw424dv
2822669	s7xcc700qpf4tm3t
2527940	6mbrsltm48b7x7ck
2530480	k0p451g8h0tz4n1s
2530669	q5v9bc2nnm8bjqqg
2837584	fvk0176rclx1phj3
2837550	2h6mp5sb09qq9htj
2837552	wb1gj3bvtp5dzjxh
2836836	9qfvxlc87bl36mjx
