libris_id,mods_identifier_type,mods_identifier_value
8tdjqg476ks82vm9,GRID,A10302B00109394447
8tc2x4476blv6trq,GRID,A10302B0010922889X
wgzss2mktr74kmwn,GRID,A10302B0010881545R
zj1ff5tzwzl5w3fp,GRID,A10302B00108892601
scvw4nn5q2k5dz9q,GRID,A10302B0010881550Z
zj0bppcmw0z66l2c,GRID,A10302B0010833380Z
cxc520px9bxz439w,GRID,A10302B0010807782V
k4kjf05bhlx3plds,GRID,A10302B0010745919Y
n7mjw6jpl7wcngmc,GRID,A10302B0010801493Y
dzcxtv3lbdk6xbfv,GRID,A10302B00107815272
2m0qqxxb0zdkq0p7,GRID,A10302B0010754515L
vfs60gtms69l152j,GRID,A10302B0010678860Q
bw8dmcmq875wjqv2,GRID,A10302B0010736828J
9t6vlpq07l94xbg0,GRID,A10302B0010718180L
wfmfv9bgt9rp09kb,GRID,A10302B00105007558
zhnnx091wmzgnp1p,GRID,A10302B00104971942
k37nwp6xhw6686th,GRID,A10302B0010478176D
2lp9w1590dnq17p1,GRID,A10302B00103787295
fz1ss2njc0cfgd7x,GRID,A10302B0010341498M
6qsj7t8t4mwbbdtr,GRID,A10302B00103787383
k34zg3dfh8pjp67z,GRID,A10302B0010299410Z
sbcvgxjdq7b7527m,GRID,A10302B0010151537G
vddbb2qvspncvp78,GRID,A10302B00102960649
cwv47swb9x7fm1c2,GRID,A10302B0010293456R
8sntfzqv6ls9fht6,GRID,A10302B0010141808Y
l404sd7wj4wsrr1p,GRID,A10302B00101653212
m5z9b8s0k5pcw3h3,GRID,A10302B00100197328
7rkwxvbp59kzzd88,GRID,A10302B00100197352
g0s453lhdl7rcpdh,GRID,A10302B00100197336
sb4ghfxjqv1btmpr,GRID,A10302B00100197344
r93bwzmfpmcp5dn8,GRID,A10302B0010104393P
h1t2mpdvf9n07z54,GRID,A10302B0010087069W
g0qv53qkdlg5k1kc,GRID,A10302B0009901990C
cwmszpvq9pffn2hw,GRID,A10302B0010048359V
0j85l959xql345c5,GRID,A10302B0009996359L
sb21q3vcqqnvtb9c,GRID,A10302B00100171622
9tjs82ts7xtwxf3c,GRID,A10302B00100046545
3m86dk7h1zwdvn6s,GRID,A10302B00084555737
zh2sv4q4w78z1tpx,GRID,A10302B0009901438L
xgzq8fpnv2qf33tv,GRID,A10302B00097930719
wfv7578btkdmd593,GRID,A10302B0009643234A
g0fsqs43d03s3521,GRID,A10302B0009661644G
k3jws5l1hmpd0lpp,GRID,A10302B0009669495U
tcs52fjwrvq1cx0x,GRID,A10302B00097731994
q8p203m7n77jkf70,GRID,A10302B0009661645E
q8p21r2mn71lds27,GRID,A10302B0004433241U
tcs54vlkrwjc5jw2,GRID,A10302B0009643234A
6q5jfv8j4mwcwppx,GRID,A10302B0009596571H
r9q3zlw2pjb69l9w,GRID,A10302B0009596570J
bv9nkwhm8945rxd9,GRID,A10302B0009700085Z
vdt1r466s7v9jbwm,GRID,A10302B0003574586Y
k3jrj21vhbd6g731,GRID,A10302B0001876642C
h1gpd38lf7kcsdm1,GRID,A10306F00000031ENQ
n6mwmg7jlcqlc079,GRID,A10302B0007394475L
6q5f58l046s3p34v,GRID,A10302B0005307819C
j2hqjf20g4zhlkl6,GRID,A10302B0003433735U
vdt2tcc1sqrjnm67,GRID,A10302B0004702426P
p7nwl9hnmp5hgzf1,GRID,A10306F0000000Y6GV
q8pzpjb6n02lth66,GRID,A10302B0007727526L
vdt2slfbsmdtfqdr,GRID,A10302B0000016621U
m5lvlp21k1xv4bnv,GRID,A10302B00055126071
dxcmbq0nbrdsb1nv,GRID,A10302B00082160621
p7nwl9hbm6f5h77d,GRID,A10302B0004960845D
l4ktkd7sjrh0cmx2,GRID,A10302B0007144108M
7r6g69p65vp5c0hr,GRID,A10302B00092689364
l4kslh71jzmf613w,GRID,A10302B0000270848P
xgw5v8k1v1b9ctdf,GRID,A10302B0008306316T
k3jrkpb7hf1p2wlg,GRID,A10302B0000238880R
m5ltj7g2kqxn0px4,GRID,A10302B00051877170
cwblb5059szz2kbv,GRID,A10302B0007107912U
0jz7z2gtx8tn82sb,GRID,A10302B00082404714
2l1826w80qb6tkcz,GRID,A10302B0000386423H
l4ksh6gqjhc4rrsm,GRID,A10306F00000015LZ9
n6mwmgb2ljzqx994,GRID,A10302B00076887958
8s7h7brp6z9rwtm0,GRID,A10306F0000000Y5W3
vdt2vrkcs4wzvt60,GRID,A10302B0000471139B
0jz7xbngx9fvdhpd,GRID,A10302B0008629052N
6q5c3gns4jdxpkzn,GRID,A10302B0004433242S
8s7g5v4z66tl6m33,GRID,A10306F0000002VYO4
2l191vr50tz2nt24,GRID,A10302B00074508924
g0fpfj0jd2bs6r08,GRID,A10302B00076525251
3m2913g01r3srfcn,GRID,A10302B0004783552A
r9qzrnh6p2k86tm4,GRID,A10302B00035718528
tcs2r5j0rvb1375v,GRID,A10302B00059490747
zhx4v7g8wchskdjd,GRID,A10302B0004404364E
j2hqjnffg1m21f3s,GRID,A10302B00008108257
fzdmb1bsc5hv8v5q,GRID,A10302B0009268939X
q8pzpjffnhc9nt9m,GRID,A10302B0005672755H
h1gqgk16fhws3cfn,GRID,A10306F0000000NZF3
cwbkc84n9005qp42,GRID,A10302B00003375571
q8pzn2gsntfpvx0g,GRID,A10306F0000001ETTO
m5ltmslnkl28p2bn,GRID,A10302B0004408952H
4n3b1r2c2klpznxb,GRID,A10302B0005308018V
1k080tr9zlk2hvnn,GRID,A10302B0007242564G
1k07zszxzf5rhllm,GRID,A10302B0000016638C
6q5f58rk4cq8trtp,GRID,A10302B00067871394
5p4d3hwv3w6z9hkj,GRID,A10302B0005587630W
5p4c5b5j3pjkp94h,GRID,A10302B0004433248G
vdt2rhtvs20884jl,GRID,A10306F0000002NQ7P
1k080tszzn22bl7v,GRID,A10302B0006442038L
n6mwmq8plmrrns46,GRID,A10302B00052716480
dxcmbq50b1swfd55,GRID,A10302B0008052270C
fzdlbp1ncpfg5f5n,GRID,A10302B0004387831W
k3jrkqmjh1j9k8vl,GRID,A10302B0000356816D
sbr0pfrlq3zgmzsc,GRID,A10302B0008943653E
k3jsjcb7hjfd4l9k,GRID,A10302B0007659526J
r9q0qtchpnlss87q,GRID,A10302B00076508380
xgw5v8q5vghwh713,GRID,A10302B0008908386T
2l17zbp00zmj90m2,GRID,A10302B0004383394W
zhx5vlzjwnr8vn9j,GRID,A10306F0000000Y5X1
g0fpf88rd415v190,GRID,A10302B00059592704
9t8h729j7xbmv7gb,GRID,A10302B00000165872
5p4d47sk3v1ttlqd,GRID,A10302B00073663957
q8pxrnn9nr5tpxdt,GRID,A10302B0000355505U
zhx6w9s8wgh6hgxz,GRID,A10302B0005549611F
vdt1r4hgs883pw86,GRID,A10302B0003782315U
g0fngmksdgl9r4jn,GRID,A10302B0002332187X
l4ksh7m1jcw4bqdn,GRID,A10302B00084555753
m5lvlfgkk36bp2m1,GRID,A10302B00073579450
0jz5vfmwxzqjmghw,GRID,A10302B00034290932
h1gpf8h9fvwj5q84,GRID,A10302B0000190606Q
6q5f58v74wtr65d5,GRID,A10302B0007659472F
r9qzprg0pfh23fqc,GRID,A10302B00031375771
5p4c634d3sm275nm,GRID,A10302B00012281331
j2hrgvdggb3snsfk,GRID,A10302B00092247534
2l17zbq80m3hsdq8,GRID,A10302B0003429104S
m5ltj8ptk4tkzdn6,GRID,A10306F0000000Y68C
k3jsjcd2htjt2g6p,GRID,A10302B0006165615W
7r6d3nzv551f67z8,GRID,A10302B0004841512J
vdt3txjfsv8b14wv,GRID,A10302B0008384595C
3m2913sz1d72xsb2,GRID,A10302B00003788716
bv9k8n6t8cz4p79g,GRID,A10306F0000001JOZT
2l17zbr00qkdkntv,GRID,A10302B0004877273A
tcs1t0z8r4n3z59m,GRID,A10302B0002051552G
tcs1qgwmr7j54fgz,GRID,A10306F0000000V911
9t8j835d7std89d8,GRID,A10302B0006734384D
vdt1q9npsx6lgdn3,GRID,A10302B0003845237Q
m5lthf81kt75qtpr,GRID,A10302B0005101489Q
5p4d47v93vp0m36q,GRID,A10306F000000339MU
7r6g5k4d5sjmk9zz,GRID,A10306F0000000NZD7
6q5d3t9q4xn9hxcm,GRID,A10302B00084555745
wfv4vprptp56z83r,GRID,A10302B0005817627H
8s7f4p5j608j52h9,GRID,A10302B00034291000
xgw4vp48v0w0vr0p,GRID,A10302B0003137579Y
5p4c1zt93ljnj0g0,GRID,A10302B00051889166
2l1914rs0sdb8wzk,GRID,A10302B0005672756F
r9qzprlhp3r0p6sn,GRID,A10302B0000249979T
k3jshxhmhrgg9g22,GRID,A10302B0008766719T
8s7g5wdg6r17vtk3,GRID,A10302B0008403051X
fzdnd7bvc7fr31z7,GRID,A10302B0005782520T
h1gndn91fqh4pbnk,GRID,A10302B00034291484
k3jrhbshh4bwhtmz,GRID,A10302B0000111207Z
2l18zm080fcvn75z,GRID,A10302B0005065956Q
4n3c36vh2tbxqth6,GRID,A10302B00058230761
m5ltkmh6k3b6qp71,GRID,A10302B0000890025Z
xgw5v9vsvf26h0w8,GRID,A10302B00059935906
8s7f5j3w6lvjwjgz,GRID,A10302B0003429152C
n6mvntwblr3vvbkp,GRID,A10302B0004433246K
p7nwlbtgm5rzt0dd,GRID,A10302B0008680865V
sbr1rmq0qmf9v8h1,GRID,A10302B0005672753L
7r6f50gw5xd7xhfm,GRID,A10302B0000250641A
5p4c2q5h36gzqp63,GRID,A10302B0005365988B
l4ktknbhjx7v3vv6,GRID,A10306F0000000NZC9
tcs1rtqfrlh22m1d,GRID,A10302B0001642957W
6q5f4k514vbzxj3g,GRID,A10302B00087580715
4n391d0d29cb97cg,GRID,A10302B0003646921W
8s7g8fjl6glh381w,GRID,A10302B0000890066J
6q5d3tcm40xjgjjq,GRID,A10302B0005619638V
cwblb6989dqssz4w,GRID,A10302B0005672754J
3m2809161ljpqdv8,GRID,A10302B0002419660H
sbr0pcvrq2lj3tj3,GRID,A10302B0005354520K
j2hrhl91g9lqzkzt,GRID,A10306F0000000VR3W
bv9j8c8v8lx8tpms,GRID,A10302B0000328830F
cwbkd9pl9dpwmm0c,GRID,A10302B0000536728F
sbr1q5s7q117pmhn,GRID,A10302B0008567791W
fzdlbpbcc5dfl99r,GRID,A10302B0003429096V
bv9jbhl78v768sdr,GRID,A10302B0001737902W
j2hqf5qtg9rbbd46,GRID,A10302B0008299510Z
6q5f515p44s4hlm7,GRID,A10302B0005852762P
h1gndphpfts8k8ng,GRID,A10302B0003784360L
4n3b1p7q2nnpxz14,GRID,A10302B0005046905U
g0fpfj82dlhw7c4c,GRID,A10302B00055617300
g0fndhfldwt3416h,GRID,A10302B0000894739G
2l1830f80672n2gg,GRID,A10302B0000973347P
q8pzn3rvntmtk670,GRID,A10302B00058306498
m5ltmsxckcnpcfg6,GRID,A10302B00003773887
xgw4tk54vbgmh7qw,GRID,A10302B0008972735V
5p4d40593x89b0qd,GRID,A10302B00076551584
8s7f5g9m6bxnk4cx,GRID,A10302B0004045427H
xgw4th3gv9cgrr4w,GRID,A10302B0004979282N
l4ktknfsjf9pp3mh,GRID,A10302B0005897844T
r9qzsp5rpzdjhdjb,GRID,A10302B0000191130D
tcs2r6wsr86359tp,GRID,A10302B00092428419
7r6f4vg25jpd1dqq,GRID,A10306F0000002DMT7
l4ktkflgjsd8dp15,GRID,A10302B00074490457
bv9h7jf98h0gxldd,GRID,A10302B00044263889
k3jrg4swhkmkff3d,GRID,A10302B00053545436
sbr1rvmpqvcjqqx3,GRID,A10302B0005835420F
p7nxm2smm1jqpstj,GRID,A10302B0005703893U
r9qxn2s0pzcjgqqq,GRID,A10302B0003429120S
fzdmflr7cnf6f16r,GRID,A10302B0000343901X
6q5d3tgv4pjkjr64,GRID,A10302B00088329078
7r6g628s5p6g0j3k,GRID,A10302B0007109036D
2l18zmbg01043m4g,GRID,A10302B0004928236Q
bv9k9d6486r745fw,GRID,A10306F0000000NZE5
h1gpfjljfx65s0dw,GRID,A10302B0004418033U
0jz61xf9xv90qsqj,GRID,A10302B0003425942G
1k08zd4lz9jcxpx4,GRID,A10302B0005666176N
9t8h6xlq7kjwq1mw,GRID,A10302B0008731563U
p7nxnjrtm0rwrqp9,GRID,A10302B0006096862S
5p4b2ccg3fl3j8j7,GRID,A10302B0003284504C
zhx5xchfwpvgzvgf,GRID,A10302B00002289846
h1gpd2s6f188sx6m,GRID,A10302B0005367222Y
dxcmcg9xbddsz0t3,GRID,A10302B0007141866T
2l1830hz0qzx4r8q,GRID,A10302B00034729723
6q5f4kbn4grw5cw7,GRID,A10306F0000000V94W
xgw3t71zvbkpgnh8,GRID,A10302B0003473116U
cwbk80pk99ms9kgv,GRID,A10302B0008660939F
9t8j84c6798fgmrx,GRID,A10302B0007659521T
k3jqgrtth52w7b88,GRID,A10302B0003429098R
9t8h8pvs7pq4cpb9,GRID,A10302B00003330989
fzdmb0rsch2j65bk,GRID,A10302B00053313690
fzdndjcpcjvbdjkx,GRID,A10302B00077801559
j2hqkg00g8nbq03n,GRID,A10302B00013273333
0jz5w94xx2rmj835,GRID,A10302B00034291476
tcs1qg5prjrgjqrg,GRID,A10302B00084555761
bv9k95f68x16l458,GRID,A10302B0005342454J
m5lsjtx9khvfdlcs,GRID,A10302B00033080003
zhx5xclnw1flq23h,GRID,A10302B0000016599T
1k07xld5zjv4m97l,GRID,A10302B0005366002Z
h1gqglghf92bjjrw,GRID,A10302B0004979351T
h1gpjf0hf8z41xvh,GRID,A10302B0000756589F
p7nxm2wnm07xz7bt,GRID,A10306F0000001MLJA
xgw3t72hvqc1npjn,GRID,A10302B00036389578
zhx6xs3jwtgg8db1,GRID,A10302B00056219899
k3jqgr1jh1v2hwmb,GRID,A10302B00043694628
1k07xldrzxkjtvzl,GRID,A10302B00049029739
9t8j8d987r8d8w5g,GRID,A10302B0009308237H
bv9k8pj58717rlmz,GRID,A10302B0005855649K
k3jrg6z1hzc0z7z3,GRID,A10302B0005446185S
l4ktkfrrjh08cnfj,GRID,A10302B0006463931P
p7nvlw5gmx4k0wbz,GRID,A10302B0004884574Z
1k070fvxzgnmwpbn,GRID,A10302B0003392043B
5p4c2qkn3m2dl5nr,GRID,A10302B00053546252
n6mwmrn8lcn6bnnb,GRID,A10302B0008885975X
q8pxnr3ln3836zvz,GRID,A10302B0002280823L
9t8j7njw75zjj1dg,GRID,A10306F0000000Y67E
vdt2v1rdsf2lx60w,GRID,A10302B0001462578A
1k07xng2zbrhsblr,GRID,A10306F0000002IMJQ
l4ktkfrcjrqztgk4,GRID,A10302B0007355606W
wfv2s3ddtcc4vqgj,GRID,A10302B0004140967E
6q5d5l2s46t99f9p,GRID,A10302B0000016598V
q8pxm952nqq2hlg6,GRID,A10302B00049073107
dxcmchfqbjnbp87j,GRID,A10302B00058359244
j2hqkg5bgkmj670f,GRID,A10302B0004427178D
tcs2r637rcbb3wdk,GRID,A10302B0008988774A
vdt2rh9mscxh7mj4,GRID,A10302B0008279676Q
1k080v7sz99dfnpt,GRID,A10302B00057592677
m5lsjt5pkbsgqtjz,GRID,A10302B0003316584Q
2l181gz807rgzl9p,GRID,A10302B00018567875
cwbk8xt99zpkvwq8,GRID,A10302B0005105945K
7r6g6b9853mhfmhc,GRID,A10302B0008013253B
q8pxnr6jnbj0nc82,GRID,A10302B0000950421W
4n3b52sm2cwjw4rv,GRID,A10302B0002280635R
2l190fc50jw5cx32,GRID,A10302B0008508763A
3m280dgw1mpg7v6j,GRID,A10302B00043839997
5p4c2sn632h1g61r,GRID,A10306F0000000V9DE
k3jsjds1h0d19jrq,GRID,A10302B00052918998
n6mtkv6kl1pcj882,GRID,A10302B00007565632
k3jrg413hvw0bdg0,GRID,A10302B0005354538Z
0jz7z32mx1095cl8,GRID,A10302B0005651398V
2l190fct0xptxl70,GRID,A10302B0009120761L
8s7g66b86m74wh3c,GRID,A10302B0003845332S
k3jshvp1hgr28h8n,GRID,A10302B0008384596A
r9q0ql1zpkmmgc7q,GRID,A10302B0005689154Y
tcs0q1dfrbqbgdjh,GRID,A10302B00035752769
8s7g5trf6b609r1f,GRID,A10302B00053625516
5p4d488g34d0gpg2,GRID,A10302B0008853106T
0jz7xcbmxdf82pmh,GRID,A10306F00000012T3Q
cwbk99gz9bf0d2fp,GRID,A10302B0003479704Y
7r6f7f9c5lg68hhl,GRID,A10302B0001883638K
g0fpdrnsd72vtvhm,GRID,A10302B0008216090U
7r6g62h25dsg6vhz,GRID,A10302B0007769793V
wfv2s3hntkmqzbll,GRID,A10302B00044569925
g0fnfwfcdztsnpjq,GRID,A10302B0002264488J
1k07xljtzzd9rlvf,GRID,A10302B00054106189
3m2b267c1lwmdptf,GRID,A10302B0005727577R
0jz6x1mhxwr0fk2j,GRID,A10302B0000016302N
vdt3s775s57l9cx7,GRID,A10306F0000000QYJC
wfv3tt15tfbms71d,GRID,A10302B0003429095X
l4kslspjj0p5vghg,GRID,A10302B0004426429P
zhx6w87wwc0x7t9q,GRID,A10302B00090033944
tcs2sn48rjqgq6zd,GRID,A10302B0005221629H
tcs0q1hrr1z89qlf,GRID,A10302B0004857849Q
q8pxm984nd2406zt,GRID,A10302B00051069382
j2hrhmpmg37gfl7z,GRID,A10302B00056691796
8s7g961r6m0m89p7,GRID,A10302B0002237991G
h1gqfvwnfcb4d459,GRID,A10302B00055946327
8s7h6kk66b7qs4rf,GRID,A10306F00000007FF1
vdt3tp6ssj5lttk4,GRID,A10302B00073420272
p7nwl88pmpkbm68h,GRID,A10302B0004906082F
n6mwmrthllj4f14m,GRID,A10302B0008851942S
k3jshx0nhpn89dmm,GRID,A10306F0000000Y6JP
g0fngnl5d2mdkv6m,GRID,A10302B0000372194C
cwbl9npw9flgsrfd,GRID,A10302B0008623176Z
g0fpgz7gdj0rwd04,GRID,A10302B0005867424R
h1gndp7tfdqbgzmx,GRID,A10302B00036469101
6q5d5mb84qxhlp3n,GRID,A10302B0000529357L
h1gpd223fkldrlxb,GRID,A10302B00050510941
xgw5w14kv8mw8qgc,GRID,A10302B0008299522R
m5lvk02dk2k2s96g,GRID,A10306F00000001FUD
vdt2ss3cswpq6l9k,GRID,A10302B0003859154Q
fzdncqs9c11db8jr,GRID,A10306F0000000NZIY
bv9kbt33888bdxc5,GRID,A10302B0005567579N
4n391bw32v6186f4,GRID,A10302B0001656180A
j2hqf34tgl959rgt,GRID,A10302B0005143081P
1k08048hz3l29b47,GRID,A10302B0006441893X
j2hrgw0zgr8qvc9w,GRID,A10306F00000012T0W
6q5d44j44h3j1rp4,GRID,A10302B00034314378
fzdncqvvc03s7j8d,GRID,A10302B00089384032
0jz70hsfxwmzj0pr,GRID,A10302B0005852919F
0jz5w6rpxh49n9fg,GRID,A10302B0003450980L
tcs1s80zrjmxf9t1,GRID,A10302B0000660542P
p7nwl8bnmqg92xjh,GRID,A10302B00053687347
tcs2sx34rbncqv6k,GRID,A10302B00056897795
j2hqkgf6gxf1ctbn,GRID,A10302B0003377891Q
g0fpdtzmdnpnfvqf,GRID,A10306F00000033LR9
3m2939c31vzh5npv,GRID,A10302B0000343903T
2l192kw80dbrxd1k,GRID,A10302B0005284218Z
3m2809wj1kb1jgb7,GRID,A10302B0003859852B
p7nwl8b7mxwlqbdj,GRID,A10302B0005365996B
n6mwmrztl4cq765m,GRID,A10302B0007965199Q
l4ksmkjmj356171f,GRID,A10302B00044089489
6q5f4kq74qddtrxl,GRID,A10302B0008094349L
sbr0qq77qvgmwtzm,GRID,A10302B0003109324C
zhx6zgspwzbt546m,GRID,A10302B0005775057T
3m2809x91mtxtpd1,GRID,A10302B0003794481C
3m290nr71jw2rpw8,GRID,A10302B0005051130P
5p4c5ch33hp4gs66,GRID,A10302B0000522213V
1k0804bwz7c5w0t4,GRID,A10302B0005672752N
0jz6xn8qxtl46s4t,GRID,A10302B0004433240W
m5lvk05bkjxnx919,GRID,A10302B0005706367Q
h1gqfs2qf2nts063,GRID,A10302B0008582954Q
6q5f6p2p43s8469r,GRID,A10302B00056792124
r9qxnzmrpt8gtkct,GRID,A10302B0003575280H
sbr0r73vqjmpdr0m,GRID,A10302B0001855708E
9t8h6vz47qlprlfs,GRID,A10302B0005151673E
tcs2sx5brp2ks0mx,GRID,A10302B0009030823C
7r6g5lsh5vg0m95b,GRID,A10302B0008240628T
p7nwmm8rmm6dz26n,GRID,A10302B00038777792
3m2809031hxqj19h,GRID,A10302B0003777712U
tcs1qdj8rc44xkww,GRID,A10302B0005106939Z
2l1915fh072xsk3q,GRID,A10302B0005867431T
sbr0qg5hqw4h86xt,GRID,A10302B00045022899
zhx50x0ww4qscjr8,GRID,A10302B00002847497
vdt3s7fmsv39swlp,GRID,A10302B0007661113P
bv9j88xt8832x7dt,GRID,A10302B00038210339
7r6g5jt152wj2drk,GRID,A10302B0008299523P
n6mtkvkjlqsz97xx,GRID,A10302B0003479632Y
cwbk8x3h9v55wqx8,GRID,A10302B0005339433J
h1gqglwpfsjbw3gj,GRID,A10302B0008703842U
p7nwmc4nmqlb698n,GRID,A10302B00036097740
5p4d3jrk31n6zg35,GRID,A10302B00053435087
j2hqgg54gqf1fv61,GRID,A10302B00038112102
sbr0s065qnbkvgc5,GRID,A10302B0000724331E
8s7h6kwv6gxrppj2,GRID,A10302B0008762703Z
g0fmcpdbdjpfg77w,GRID,A10302B0003845333Q
7r6f4szz5cj6whsk,GRID,A10302B0004960846B
g0fpfkwhdtfmkqdh,GRID,A10302B0005361061L
h1gpjgklf53s1gb9,GRID,A10302B0000284557P
6q5f4l2r43xgdshq,GRID,A10302B00081532714
2l1800qd0s8j7lrg,GRID,A10302B0003429103U
dxcldltfb7xm51d9,GRID,A10302B0002280571T
0jz7x9n7xzqsl8qr,GRID,A10306F0000000NZJW
p7nwl8g2ml05lrzn,GRID,A10302B0005274402W
1k0804gtz6c59wcm,GRID,A10302B0005802613U
vdt2sjcns7tw3168,GRID,A10302B0000252460L
wfv3xvzltrnjqp01,GRID,A10302B0000660525T
5p4d46j8389l5cnv,GRID,A10302B0005819213T
tcs1rrj0rv3hpf7h,GRID,A10302B00034291628
6q5f4hw544jj88lc,GRID,A10302B00089076462
zhx4v622wgmqzvz7,GRID,A10302B0001875457U
sbr0pclsq122bsvd,GRID,A10302B0005421457R
fzdnd611c4mg05k8,GRID,A10302B0009073690N
5p4d46mg34c88ts5,GRID,A10302B0007714536P
4n3b22v326r7kndl,GRID,A10302B00005390927
8s7h6kzw6d0p745j,GRID,A10302B0005729153G
fzdlbnj5cdjmvz51,GRID,A10302B0004419908A
tcs1qdmgr9mzccc8,GRID,A10302B00053393132
2l191tq60v4q0g12,GRID,A10302B0006614392Q
dxclfch2brgn30qw,GRID,A10302B0000990376Y
j2hrhk12gkd4cms8,GRID,A10302B00082676195
l4ksjjb8jwzgh13p,GRID,A10302B0003429131M
n6mwlzdwlg4hmjt7,GRID,A10302B0008891426E
8s7f5hdq6qdqb0w0,GRID,A10302B0003358584M
sbr0pcm3q4vfclvv,GRID,A10302B0005382465C
q8pzphfsnmp5v0cc,GRID,A10302B00058832326
q8pxrpv1ns37fgs5,GRID,A10302B0002582337B
j2hrgt8cgx2n7wx0,GRID,A10306F0000000YDZZ
9t8g6jh879dc01f6,GRID,A10302B0004534515P
p7nwn4crmcztb01g,GRID,A10302B0002491350W
j2hqf3dggc3qrf5b,GRID,A10302B0005065962U
zhx6xqp8wqjvrz9g,GRID,A10302B0008276448W
sbr0qghpq442csqm,GRID,A10302B0002280746F
tcs2svf1rjw93w8m,GRID,A10302B0007707089N
sbr0qqn3qkzd3zwd,GRID,A10302B00038121900
4n3b4bph2j7w41pn,GRID,A10302B0000016622S
g0fpdr7sddf7qpp0,GRID,A10306F0000000XTBR
5p4b2dck3htz7pf5,GRID,A10302B0001317392H
zhx5vjtlwb5bshjp,GRID,A10302B0004941983V
bv9k934f8gdgwd0w,GRID,A10302B0008580927P
m5lvln8fk4wqq56q,GRID,A10302B0005487326U
bv9j898587xskf0k,GRID,A10302B0003429132K
zhx6w8qvwm6bz4w1,GRID,A10302B00081622983
j2hpfrrrgbd93nns,GRID,A10302B00036193483
p7nwn4d1m7m48t75,GRID,A10302B0001887123A
wfv3sgs5twg8l0sj,GRID,A10302B0005376925U
3m2b2vww119vwxx1,GRID,A10302B0007707088P
bv9k9c0z80mllkkt,GRID,A10302B0007796682K
r9q0p2k8pwqdplw7,GRID,A10306F0000000XFY2
wfv2s45vtl94gqnw,GRID,A10302B0000660541R
cwbkbs3m9fs8334x,GRID,A10302B0000797106J
xgw4tjvvvgmr6xhl,GRID,A10302B0005143244J
0jz7zrtcxctl39m6,GRID,A10302B0007357894Q
n6mwmpczlq0nqg9f,GRID,A10302B0007667015S
h1gpfghpfl3194f3,GRID,A10302B00037155075
h1gphp5ffxw7zk9c,GRID,A10302B0000065830G
l4ktjwfmjvmtlp1l,GRID,A10306F00000011GM9
p7nvlxzfm5cp7l3m,GRID,A10302B0003228592Q
m5ltj7k7k98wpxz0,GRID,A10302B00054333087
9t8j82587fnxqwf2,GRID,A10302B0006734272T
fzdndg5dccn7ghpf,GRID,A10302B0005866435Z
2l1801340xcdnwnw,GRID,A10302B0000841937P
n6mvnvbhls70llpt,GRID,A10302B00003756466
n6mwlzhflk69f5b4,GRID,A10302B0008237913F
fzdlbnqwcn3rqw9t,GRID,A10302B00047558585
fzdmdv6wch002hkk,GRID,A10302B0000756574V
p7nwl9nzmbb4czjc,GRID,A10302B0005433295M
bv9k936x8wh89rvs,GRID,A10302B0008682312U
n6mvlmqqlh9npvfb,GRID,A10302B00039657944
j2hqjq72g169620t,GRID,A10302B00036193491
h1gqfscvf3ttlhz9,GRID,A10302B0008833052D
9t8g6jmh7v9qnt3c,GRID,A10302B0002992197B
wfv3vbp2tprzv7r7,GRID,A10302B0000534750M
1k07xm15zm13tp30,GRID,A10302B00054434068
zhx6xqv6wqvl2d83,GRID,A10302B0007733553E
k3jsjlbmh2lp58bq,GRID,A10302B00067950674
zhx5wx1vw9bw3jq5,GRID,A10302B0003646994X
p7nxm0klm7vd40n2,GRID,A10302B00088861880
sbrzp15qq1k474x6,GRID,A10302B0004830759J
cwbkbs6g9r68jd8t,GRID,A10302B0003267806Z
fzdmb1gdc5p8sz9j,GRID,A10306F00000012BIT
3m2b2v0z1td6jvhh,GRID,A10306F0000000NZKU
9t8h709q7h2t5f4h,GRID,A10302B00003375643
q8pzprhcnhr6dvcw,GRID,A10302B00077630818
g0fndfk0dnpgxc89,GRID,A10302B0002280565P
6q5d6d084mw55rwj,GRID,A10302B0000292484P
dxcmbp9zbltpqkff,GRID,A10306F0000002RD2K
dxcl90f0bqc33ds0,GRID,A10306F00000011PDU
vdt3tns9ssjpp1bh,GRID,A10302B00056192091
tcs1rjv0r77z2gqp,GRID,A10302B0002280816J
xgw5wzq5vzd6nkn9,GRID,A10302B00091080807
2l18016d0bqjtk8h,GRID,A10302B0003811350F
vdt2v2pts2p3367k,GRID,A10302B0000351636X
1k08zcz7z1dqcrlg,GRID,A10302B00057038900
9t8g6js070glcdpp,GRID,A10302B0004696089G
h1gpgxddf3bk5hqs,GRID,A10302B00034729731
p7nwl9rxmggv9wb4,GRID,A10302B00051043468
tcs2smszrs97wh9v,GRID,A10302B0007330962L
tcs2svmmrks5r8pd,GRID,A10302B0006167916B
k3jrhjqshm2r1qvb,GRID,A10302B00003288339
cwbl9p949w0rwvtg,GRID,A10302B0008416230L
k3jqgs31h2z392m1,GRID,A10302B0003869889P
9t8h8r737dp764lc,GRID,A10302B0000284558N
bv9j7xf8848zlz5n,GRID,A10302B0005194497J
5p4d4z4z3jd9z1td,GRID,A10302B0005852504S
p7nwqbtfmtfk58l3,GRID,A10302B0004433245M
n6mwmph3lqdsjx2g,GRID,A10306F0000000Y6A8
l4ksjkssjlnw65n5,GRID,A10302B00034796221
l4kslsg3jlmffqz5,GRID,A10302B0000882641Q
l4ktjxk1jpbprwx5,GRID,A10302B00084555729
r9qxn0b4pxg9lrqv,GRID,A10302B0003546368B
bv9j9sb985252bhw,GRID,A10302B0000339258S
2l18zn5p06rzqh67,GRID,A10306F0000000V93Y
cwblb5cs9wnxcfh0,GRID,A10302B0007145175L
xgw5wzsxvmc2bq4n,GRID,A10302B0008384962X
g0fndfphd15b3bld,GRID,A10302B0002741440T
fzdmfmbsc3w9hppl,GRID,A10302B00001112062
6q5f4j6d487t6hwm,GRID,A10302B0005718154L
0jz5w7l2x0fdl3r2,GRID,A10302B0004456948D
5p4c2r9b3p69k9vg,GRID,A10302B00082698865
dxcmc6fcb4bj26rh,GRID,A10302B0008943634K
vdt3twqfsxhtj4lf,GRID,A10302B0008455571B
l4ksjkvjjzlfd1fv,GRID,A10302B0002859671M
j2hrgvjbgnplzgdd,GRID,A10306F0000000Y6NH
zhx4v6kqw8xzbf3l,GRID,A10302B0002817651L
l4ksk2qjjjrdn9hd,GRID,A10302B00048365777
xgw4tj2nvkp13t7n,GRID,A10302B0005329997K
g0fpf8h0dbtsh9kb,GRID,A10302B0005063485M
2l183pbw018r4gx9,GRID,A10302B0004433249E
j2hrhkfqgkf39jpx,GRID,A10306F0000001I71R
4n3c2g5l2tpghh7d,GRID,A10306F0000000Y69A
m5lsjv8bkbk1hxgz,GRID,A10302B00037909297
dxcl90knbbdfq7xc,GRID,A10302B0008266928W
1k080t36zg8979rs,GRID,A10302B0005269655Z
bv9k9c778rxqx0f6,GRID,A10302B0005866510A
k3jrhjvrhrlf5s3x,GRID,A10302B00033585601
sbr0s1rfqpjb384c,GRID,A10302B0003232806S
7r6g5k9d5bwvvvm0,GRID,A10302B0009337137F
n6mtkwbwlx8rq7pb,GRID,A10302B0002910668E
9t8h8rlw78rt6bd5,GRID,A10302B0003392041F
tcs1qf0qr7dpsms1,GRID,A10306F0000000Y5T9
fzdnd7jdcdb2p0t0,GRID,A10302B00077780257
3m291sc7186wbs5h,GRID,A10302B00003331076
vdt2wh68skv8lr6p,GRID,A10302B0000330988Q
fzdndhczctnzjtgz,GRID,A10302B00058832502
sbr1q4vlq6qr2h77,GRID,A10306F00000032BRK
0jz5w7nvx5drnr7f,GRID,A10302B0002988241C
j2hqf4q4g2v5rhwt,GRID,A10302B00052624114
bv9k94fz8ffvsstt,GRID,A10302B0006264959A
q8pzpspvnqsz5k76,GRID,A10302B0005526620M
fzdmcdvdcz51c28s,GRID,A10302B0003815638M
4n3c2g7k2khcd6dq,GRID,A10302B0008945713J
7r6f4tgf5mbmpxvf,GRID,A10302B00053659995
2l191v6d02zqts84,GRID,A10302B0006128221L
6q5d4wj24rw9kv6t,GRID,A10302B0000859586R
2l181jk4082v9rr8,GRID,A10302B0000388716V
6q5d3sfx4p5sglcz,GRID,A10302B00082698857
j2hrhbncghl5hbxx,GRID,A10302B00055021626
l4ktknlvj9l34x8h,GRID,A10302B0006442092B
2l18297p093lk2gk,GRID,A10302B00034314458
6q5f4jbw40kbh45p,GRID,A10302B0008692965X
cwbkbtv79f03nrqq,GRID,A10302B0004722917F
tcs1qf3cr2p2q32r,GRID,A10302B0005310463D
k3jsjcq7hxv3jkj2,GRID,A10302B0005187754Q
tcs2swtnr5bjwb6l,GRID,A10302B0008213505J
1k07z0jrzc93bdvz,GRID,A10302B0003295072D
1k08zc67ztclq4dz,GRID,A10302B0008890447C
3m280bw512rchspn,GRID,A10302B0003794482A
m5ltj7xvkvdmswxc,GRID,A10302B00054292257
7r6g61fr5ps4fds1,GRID,A10302B0005512949T
2l19143j04d5f0fr,GRID,A10302B0008988765C
cwbk9bw094b53zmk,GRID,A10302B0001745960C
dxcmbqk6bkf89jxq,GRID,A10302B0008786995U
wfv2s4pqtb1p6jwn,GRID,A10302B00031093276
fzdmb1rdcqlzsnkq,GRID,A10306F0000002JO7U
8s7h72hc6gr0r80w,GRID,A10302B0005669160S
n6mvp98xlq7vb4sl,GRID,A10302B0004433243Q
0jz7z222xtqmvx42,GRID,A10302B0007765029J
j2hrgvq2gp7dcr0h,GRID,A10302B0008936359A
h1gndqbdftbf7pkm,GRID,A10302B0004797302W
l4ksk29kjxht4z9p,GRID,A10302B0000284555T
9t8h6wmz72rwz2dp,GRID,A10306F0000002U9HH
3m2b2wbt1t6swf5n,GRID,A10302B0005701657C
g0fpfjj5dwxt4gvk,GRID,A10302B0008947896F
0jz7xb74x5g7fwsn,GRID,A10302B0005211588X
h1gndqc4fsbz789z,GRID,A10302B0003708118F
4n3b3lv22dkpdk0z,GRID,A10302B00047527259
8s7g5vmq6sbf2nzk,GRID,A10302B00053422354
2l191vbk0bbdbm8s,GRID,A10302B00055129276
dxclb32sb1k79h85,GRID,A10302B0000385858G
5p4c6sv73zznmpc6,GRID,A10302B00044264312
l4ktknpzj8qfzws2,GRID,A10302B0008988999D
7r6g5kg05x8dfs7q,GRID,A10302B0009314137K
h1gndqdsf6xp4q7w,GRID,A10302B00034290908
cwbkbt3z9tr19vfq,GRID,A10302B00025823469
6q5d3slj4pxdm68f,GRID,A10302B0007892585M
dxcmc6pnbzchkl2p,GRID,A10302B00058079727
bv9k9dgd8tvh2qn5,GRID,A10306F00000003ZSW
fzdmcd28c7fcndp0,GRID,A10302B00032387082
k3jshwtzhdlkh78c,GRID,A10302B00048879606
9t8g6k7b782f93hg,GRID,A10302B0003784519B
0jz6zgr6x63nwk59,GRID,A10302B00044272857
sbr0pd7rq2jvhb01,GRID,A10302B0008041008E
wfv4vp6rtb8tqtwk,GRID,A10302B0007397665X
2l180rsr0n6r4x3x,GRID,A10302B00003591905
sbr1rvxhqwnvbpjg,GRID,A10302B0008136195C
m5ltkl96kh8nhj2c,GRID,A10302B00035711939
8s7h6lk9645q345f,GRID,A10306F00000033LQB
k3jrg508htbhggh4,GRID,A10302B0005143248B
4n3c3xgp2f9wcwbx,GRID,A10302B0005850827M
fzdndhlqcj1m7730,GRID,A10306F0000000ZC0T
dxclbc3wbs308ms5,GRID,A10302B00034579315
7r6g5kjx5cdc5j1t,GRID,A10306F0000000Y5ZY
8s7g5vqw6kjt4dwt,GRID,A10302B00056192180
8s7h72mc637vfdfz,GRID,A10302B0007657657Z
6q5d45xn4bw6f3lx,GRID,A10302B00017595009
g0fpdssrdbp9bnqk,GRID,A10302B0007862039M
2l17zb1k0j5hg31d,GRID,A10302B0003358585K
bv9j7xts8t0nlnd0,GRID,A10306F00000011GLB
dxcmc6r4b82p2gbv,GRID,A10302B0005675673A
2l19148j0cvjhh7q,GRID,A10302B0008180348K
4n3b23wq271h635z,GRID,A10302B00044199098
2l190df30x6q7fpp,GRID,A10306F0000002CED7
n6mvm5lll4s63t7j,GRID,A10302B0000881686G
n6mwmg2zlwfnlpsn,GRID,A10302B0006687395B
g0fpfjphddm9wm8h,GRID,A10302B00074358292
r9qzpqk9p8qzjsw4,GRID,A10302B0003284500K
4n3c2ghn2bcwbf2v,GRID,A10306F0000000TSAU
1k06x92zz3447gbk,GRID,A10302B00035752785
zhx5xgw9wnvr90dv,GRID,A10302B0002978833V
1k07xmlzz2ntfsl8,GRID,A10302B0005229631X
9t8j83q87hfs8m4s,GRID,A10302B0005786519R
cwblbfl19dhbg63q,GRID,A10306F0000000Y60S
xgw5v8b6v1h9hn2d,GRID,A10302B0007853651V
vdt1r4wrsj34c7bw,GRID,A10302B00047412709
dxcl90z3bwtw056m,GRID,A10302B0008483596S
0jz7zsflxjrfdn2k,GRID,A10302B00076557077
5p4d47ff3mvpbjb5,GRID,A10302B0008239644U
cwbl9psc9dsrqddp,GRID,A10306F00000029E0O
9t8g6kcv7ll8577k,GRID,A10302B0000284556R
g0fnc22vdtv8bhv8,GRID,A10302B0004928235S
dxcmc6vqblvz5wwk,GRID,A10302B0005340550M
cwblbfm69t65xcrt,GRID,A10306F00000014BR0
h1gqftx6fmk0bzsn,GRID,A10306F00000032MY0
tcs0q31wrzvgl6zp,GRID,A10302B0004758797L
tcs1qfg2rhfh78j5,GRID,A10302B00080847965
g0fpf8xcdb1jmql9,GRID,A10302B0005486077F
g0fpfjrzd9td3sn4,GRID,A10306F0000000Y9RY
1k08zch9zd6qmhxl,GRID,A10302B0008945716D
8s7f5jhj6pvx05rk,GRID,A10302B00037938286
3m290pq01l7qlz0q,GRID,A10302B0008299521T
3m2b2wlk1jr6r5x3,GRID,A10302B0006825558T
l4ktknxqjdr31jrb,GRID,A10306F0000000TS1B
l4ktjx2hjh32fv0w,GRID,A10302B00087047658
9t8h6wz27sqwht8h,GRID,A10306F0000002DY59
l4ktkd4ljbm22x9g,GRID,A10302B0007106611V
j2hrhlvbgzj8lf4z,GRID,A10302B0005505717T
6q5d466b4gkprdq9,GRID,A10302B0003472035B
7r6f74nw55wzr1n7,GRID,A10302B00003027687
n6mtkxzslpvqtkjz,GRID,A10302B00035752793
tcs1qfj8rtpkfdzz,GRID,A10302B0004941995P
2l191vlq085l0zqx,GRID,A10302B0004979350V
h1gqgkv2ft7ln4bh,GRID,A10302B0006800144Y
dxclbdd7bv5x39fp,GRID,A10302B0003311571D
h1gqft1lf95zqmzh,GRID,A10302B0007953445K
p7nvlz0fmsw3t2rm,GRID,A10302B00024392133
h1gpd370fsp5dcpm,GRID,A10306F0000001MUN1
g0fpf81rdq7n2bbk,GRID,A10302B00055708184
n6mvpb9nl2kcjvb9,GRID,A10302B0003433734W
tcs2sw72r4ngk28f,GRID,A10306F0000001EJYH
sbr1q4bjqp8vvzb7,GRID,A10302B00055536083
7j1dpt6q5qkmvxcc,EAN,0094633084957
